"CODTIE","NOMTIE","CODNATT","CODFAM","CODDEV","SUSP","DIVERS","CODREM","CODREP","NUMCONT","CODREG","ADRESSE1","ADRESSE2","ADRESSE3","ADRESSE4","CPOSTAL","PAYS","CONTACT","FONCTION","TEL","FAX","INTERNET","NUMCPT","CODRTAX","CODMRGL","CODTARIF","MODTARIF","MODPUV","CODECH","OPFAC","OPGRP","NBC_FRE","CREAUT","RIB_BQ","RIB_ADRBQ","RIB_CODBQ","RIB_GUICHET","RIB_CPTE","RIB_CLE","ZLIBRE1","ZLIBRE2","DATRAN_COM","SOLDERAN_COM","NBJ_CREDIT","NUMRC","MEMO","CUTI","DATCRE","MUTI","DATMOD","CODE_LOCALITE","EMAIL","VTES_COMPTANT","VTES_TERME","CODE_VILLE","SSCLS_VTE","NUMTIE","ALL_PTVTE","CODSECTACT","CODTIE_GRPE","CODGEST","CODSFAM"
SFP001,CLIENT DIVERS CASH STAR FOODS PNR,SFP,CPO,CFA,N,O,A,N/A,,BZV,,,,,,CGO,,,,,,"411270","01",ESP,"5",,O,"45F",I,,1,0,,,,,,,,R,,,,,,,,,,,,O,N,BZV,,,N,N/A,N/A,,
SFP002,CLIENT DIVERS CREDIT STAR FOODS PNR,SFP,CPO,CFA,N,O,A,N/A,,BZV,,,,,,CGO,,,,,,"411270","01",ESP,"5",,O,"45F",I,,1,0,,,,,,,,R,,,,,,,,,,,,N,O,BZV,,,N,N/A,N/A,,
SFP031,SHENG FENG,SFP,CPO,CFA,N,N,A,N/A,,PNR,GRAND MARCHE,POINTE-NOIRE,,,,CGO,,,"05-598-99-66/06-675-00-11
",,,"411270","01",ESP,"1",,O,"45E",I,,1,25000000,,,,,,,,,,,,,,,,,,,,O,O,PNR,,,N,N/A,N/A,,
SFP033,OCEANICS,SFP,CPO,CFA,N,N,A,N/A,,PNR,GRAND MARCHE,POINTE-NOIRE,,,,CGO,,,"05-539-44-44
",,,"411270","01",ESP,"1",,O,"45E",I,,1,3000000,,,,,,,,,,,,,,,,,,,,O,O,PNR,,,N,N/A,N/A,,
SFP034,DJAM-DJAM & FILS,SFP,CPO,CFA,N,N,A,N/A,,PNR,GRAND MARCHE,POINTE-NOIRE,,,,CGO,,,"04-414-43-28
",,,"411270","01",ESP,"1",,O,"45E",I,,1,2500000,,,,,,,,,,,,,,,,,,,,O,O,PNR,,,N,N/A,N/A,,
SFP035,ESPOIR,SFP,CPO,CFA,N,N,A,N/A,,PNR,"FOND TIE TIE
",,,,,CGO,,,"05-089-49-44
",,,"411270","01",ESP,"1",,O,"45E",I,,1,5000000,,,,,,,,,,,,,,,,,,,,O,O,PNR,,,N,N/A,N/A,,
SFP051,N SAT CONGO,SFP,CPO,CFA,N,N,A,N/A,,PNR,"MONGO-KAMBA,TCHYSTERE
,",POINTE-NOIRE CONGO,,,,CGO,,,"04-489-53-10
",,,"411270","03",ESP,"1",,O,"45E",I,,1,3000000,,,,,,,,,,,,,,,,,,,,O,O,PNR,,,N,N/A,N/A,,
SFP052,BOINADJI,SFP,CPO,CFA,N,N,A,N/A,,PNR,"MONGO-KAMBA,TCHYSTERE
,",POINTE-NOIRE CONGO,,,,CGO,,,"06-507-15-10
",,,"411270","03",ESP,"1",,O,"45E",I,,1,7500000,,,,,,,,,,,,,,,,,,,,O,O,PNR,,,N,N/A,N/A,,
SFP054,ETS SOFIA SERVICES,SFP,CPO,CFA,N,N,A,N/A,,PNR,ZONE-GRAND MARCHE,PNR,,,,CGO,,,"05-559-6173",,,"411270","01",ESP,"1",,O,"60E",I,,1,3000000,,,,,,,,,,,,,,,,,,,,O,O,PNR,,,N,N/A,N/A,,
SFP055,HAYATE,SFP,CPO,CFA,N,N,A,N/A,,PNR,GRAND MARCHE,POINTE-NOIRE,,,,CGO,,,"04-419-04-04",,,"411270","01",ESP,"1",,O,"45F",I,,1,3000000,,,,,,,,,,,0,,,,,,,,,O,O,PNR,,,N,N/A,N/A,,
SFP065,O.BEDDI,SFP,CPO,CFA,N,N,A,N/A,,PNR,GRAND MARCHE,POINTE-NOIRE,,,,CGO,,,"05-751-28-28",,,"411270","01",ESP,"1",,O,"45F",I,,1,10000000,,,,,,,,,,,0,,,,,,,,,O,O,PNR,,,N,N/A,N/A,,
SFP067,SHANA,SFP,CPO,CFA,N,N,A,N/A,P2013110008221145,PNR,GRAND MARCHE,POINTE-NOIRE,,,,CGO,,,"04-454-02-06",,,"411270","01",ESP,"1",,O,"45F",I,,1,15000000,,,,,,,,,,,0,CG-PNR-01-2025-A20-00012,,,,,,,,O,O,PNR,,,N,N/A,N/A,,
SFP003,ATHANASE,SFP,CPO,CFA,N,N,A,N/A,,PNR,GRAND MARCHE,POINTE-NOIRE,,,,CGO,,,"05-321-07-97",,,"411270","01",ESP,"1",,O,"45F",I,,1,5000000,,,,,,,,,,,0,,,,,,,,,O,O,PNR,,,N,N/A,N/A,,
SFP042,MACECE TDL,SFP,CPO,CFA,N,N,A,N/A,P24000000668094N,PNR,FOND TIE TIE,POINTE-NOIRE,,,,CGO,,,"05-650-43-29/06-693-02-52",,,"411270","01",ESP,"1",,O,"45E",I,,1,2500000,,,,,,,,,,,,CG-PNR-01-2024-A10-01049,,,,,,,,O,O,PNR,,,N,N/A,N/A,,
SFP004,ARO MOUZ - 1,SFP,CPO,CFA,N,N,A,N/A,,PNR,GRAND MARCHE,POINTE-NOIRE,,,,CGO,,,"05-693-23-52",,,"411270","01",ESP,"1",,O,"45F",I,,1,7500000,,,,,,,,,,,0,,,,,,,,,O,O,PNR,,,N,N/A,N/A,,
SFP005,CHIC SERVICE,SFP,CPO,CFA,N,N,A,N/A,,PNR,GRAND MARCHE,POINTE-NOIRE,,,,CGO,,,"05-537-36-03",,,"411270","01",ESP,"1",,O,"45F",I,,1,2000000,,,,,,,,,,,0,,,,,,,,,O,O,PNR,,,N,N/A,N/A,,
SFP006,B.F.P,SFP,CPO,CFA,N,N,A,N/A,,PNR,GRAND MARCHE,POINTE-NOIRE,,,,CGO,,,"05-539-11-05",,,"411270","01",ESP,"1",,O,"45F",I,,1,2000000,,,,,,,,,,,0,,,,,,,,,O,O,PNR,,,N,N/A,N/A,,
SFP007,H.B. 1,SFP,CPO,CFA,N,N,A,N/A,,PNR,GRAND MARCHE,POINTE-NOIRE,,,,CGO,,,"04-487-70-88",,,"411270","01",ESP,"1",,O,"45F",I,,1,5000000,,,,,,,,,,,0,,,,,,,,,O,O,PNR,,,N,N/A,N/A,,
SFP008,A.B ALIMENTATION,SFP,CPO,CFA,N,N,A,N/A,,PNR,GRAND MARCHE,POINTE-NOIRE,,,,CGO,,,"05-331-19-06",,,"411270","01",ESP,"1",,O,"45F",I,,1,5000000,,,,,,,,,,,0,,,,,,,,,O,O,PNR,,,N,N/A,N/A,,
SFP009,D.H,SFP,CPO,CFA,N,N,A,N/A,,PNR,GRAND MARCHE,POINTE-NOIRE,,,,CGO,,,"05-535-42-77",,,"411270","01",ESP,"1",,O,"45F",I,,1,2000000,,,,,,,,,,,0,,,,,,,,,O,O,PNR,,,N,N/A,N/A,,
SFP010,M.H,SFP,CPO,CFA,N,N,A,N/A,,PNR,GRAND MARCHE,POINTE-NOIRE,,,,CGO,,,"05-722-30-43",,,"411270","01",ESP,"1",,O,"45F",I,,1,2000000,,,,,,,,,,,0,,,,,,,,,O,O,PNR,,,N,N/A,N/A,,
SFP011,D.M ET FRERES,SFP,CPO,CFA,N,N,A,N/A,,PNR,GRAND MARCHE,POINTE-NOIRE,,,,CGO,,,"05-035-00-06",,,"411270","01",ESP,"1",,O,"45F",I,,1,2500000,,,,,,,,,,,0,,,,,,,,,O,O,PNR,,,N,N/A,N/A,,
SFP012,ALI YUSUF,SFP,CPO,CFA,N,N,A,N/A,,PNR,GRAND MARCHE,POINTE-NOIRE,,,,CGO,,,"05-336-84-47",,,"411270","01",ESP,"1",,O,"45F",I,,1,1000000,,,,,,,,,,,0,,,,,,,,,O,O,PNR,,,N,N/A,N/A,,
SFP013,B.D FRERE,SFP,CPO,CFA,N,N,A,N/A,,PNR,GRAND MARCHE,POINTE-NOIRE,,,,CGO,,,"05-375-25-25",,,"411270","01",ESP,"1",,O,"45F",I,,1,1000000,,,,,,,,,,,0,,,,,,,,,O,O,PNR,,,N,N/A,N/A,,
SFP014,SUPER SHOP,SFP,CPO,CFA,N,N,A,N/A,,PNR,GRAND MARCHE,POINTE-NOIRE,,,,CGO,,,"05-513-01-01",,,"411270","01",ESP,"1",,O,"45F",I,,1,4500000,,,,,,,,,,,0,,,,,,,,,O,O,PNR,,,N,N/A,N/A,,
SFP015,BOINADJI 1,SFP,CPO,CFA,N,N,A,N/A,,PNR,GRAND MARCHE,POINTE-NOIRE,,,,CGO,,,"05-547-55-93",,,"411270","01",ESP,"1",,O,"45F",I,,1,5000000,,,,,,,,,,,0,,,,,,,,,O,O,PNR,,,N,N/A,N/A,,
SFP016,BOINADJI 2,SFP,CPO,CFA,N,N,A,N/A,,PNR,GRAND MARCHE,POINTE-NOIRE,,,,CGO,,,"05-664-19-22",,,"411270","01",ESP,"1",,O,"45F",I,,1,4500000,,,,,,,,,,,0,,,,,,,,,O,O,PNR,,,N,N/A,N/A,,
SFP017,DUBAI KOBOR,SFP,CPO,CFA,N,N,A,N/A,,PNR,GRAND MARCHE,POINTE-NOIRE,,,,CGO,,,"04-495-30-30",,,"411270","01",ESP,"1",,O,"45F",I,,1,3500000,,,,,,,,,,,0,,,,,,,,,O,O,PNR,,,N,N/A,N/A,,
SFP018,HAMIDOU K,SFP,CPO,CFA,N,N,A,N/A,,PNR,GRAND MARCHE,POINTE-NOIRE,,,,CGO,,,"05-613-02-42",,,"411270","01",ESP,"1",,O,"45F",I,,1,1000000,,,,,,,,,,,0,,,,,,,,,O,O,PNR,,,N,N/A,N/A,,
SFP019,TRES MOIN CHER,SFP,CPO,CFA,N,N,A,N/A,,PNR,GRAND MARCHE,POINTE-NOIRE,,,,CGO,,,"04-435-11-18",,,"411270","01",ESP,"1",,O,"45F",I,,1,5000000,,,,,,,,,,,0,,,,,,,,,O,O,PNR,,,N,N/A,N/A,,
SFP020,K.M.V,SFP,CPO,CFA,N,N,A,N/A,,PNR,GRAND MARCHE,POINTE-NOIRE,,,,CGO,,,"05-654-01-50",,,"411270","01",ESP,"1",,O,"45F",I,,1,5000000,,,,,,,,,,,0,,,,,,,,,O,O,PNR,,,N,N/A,N/A,,
SFP021,K.M.V SERVICES,SFP,CPO,CFA,N,N,A,N/A,,PNR,GRAND MARCHE,POINTE-NOIRE,,,,CGO,,,"05-511-38-11",,,"411270","01",ESP,"1",,O,"45E",I,,1,2500000,,,,,,,,,,,0,,,,,,,,,O,O,PNR,,,N,N/A,N/A,,
SFP022,AFRICAINDE,SFP,CPO,CFA,N,N,A,N/A,,PNR,GRAND MARCHE,POINTE-NOIRE,,,,CGO,,,"06-631-11-11",,,"411270","01",ESP,"1",,O,"45E",I,,1,20000000,,,,,,,,,,,0,,,,,,,,,O,O,PNR,,,N,N/A,N/A,,
SFP023,AMERICAINE -1,SFP,CPO,CFA,N,N,A,N/A,,PNR,GRAND MARCHE,POINTE-NOIRE,,,,CGO,,,"05-637-75-05",,,"411270","01",ESP,"1",,O,"45E",I,,1,1000000,,,,,,,,,,,0,,,,,,,,,O,O,PNR,,,N,N/A,N/A,,
SFP024,AMERICAINE -2,SFP,CPO,CFA,N,N,A,N/A,,PNR,GRAND MARCHE,POINTE-NOIRE,,,,CGO,,,"05-567-71-18",,,"411270","01",ESP,"1",,O,"45E",I,,1,1000000,,,,,,,,,,,0,,,,,,,,,O,O,PNR,,,N,N/A,N/A,,
SFP025,KING POWER (EX MSOW GM),SFP,CPO,CFA,N,N,A,N/A,,PNR,GRAND MARCHE,POINTE-NOIRE,,,,CGO,,,"05-722-12-39",,,"411270","01",ESP,"1",,O,"45E",I,,1,2000000,,,,,,,,,,,0,,,,,,,,,O,O,PNR,,,N,N/A,N/A,,
SFP026,ALVI MIYA,SFP,CPO,CFA,N,N,A,N/A,,PNR,FOND TIE TIE,POINTE-NOIRE,,,,CGO,,,"05-566-21-11",,,"411270","01",ESP,"1",,O,"45E",I,,1,5000000,,,,,,,,,,,0,,,,,,,,,O,O,PNR,,,N,N/A,N/A,,
SFP027,LES 2 FRERES,SFP,CPO,CFA,N,N,A,N/A,,PNR,FOND TIE TIE,POINTE-NOIRE,,,,CGO,,,"06-635-80-75",,,"411270","01",ESP,"1",,O,"45E",I,,1,5000000,,,,,,,,,,,0,,,,,,,,,O,O,PNR,,,N,N/A,N/A,,
SFP028,EMB,SFP,CPO,CFA,N,N,A,N/A,,PNR,FOND TIE TIE,POINTE-NOIRE,,,,CGO,,,"04-480-25-14",,,"411270","01",ESP,"1",,O,"45E",I,,1,5000000,,,,,,,,,,,0,,,,,,,,,O,O,PNR,,,N,N/A,N/A,,
SFP029,MALBA FOOD,SFP,CPO,CFA,N,N,A,N/A,,PNR,MONT KAMBA,POINTE-NOIRE,,,,CGO,,,"05-566-21-11",,,"411270","01",ESP,"1",,O,"45E",I,,1,5000000,,,,,,,,,,,0,,,,,,,,,O,O,PNR,,,N,N/A,N/A,,
SFP044,OCEAN,SFP,CPO,CFA,N,N,A,N/A,,PNR,GRAND MARCHE,POINTE-NOIRE,,,,CGO,,,"05-037-92-74",,,"411270","01",ESP,"1",,O,"45E",I,,1,4000000,,,,,,,,,,,,,,,,,,,,O,O,PNR,,,N,N/A,N/A,,
SFP049,SUPERETTE MINI-SHOP,SFP,CPO,CFA,N,N,A,N/A,,PNR,"Wharf,",POINTE-NOIRE CONGO,,,,CGO,,,"06-613-33-33",,,"411270","01",ESP,"1",,O,"45E",I,,1,3000000,,,,,,,,,,,,,,,,,,,,O,O,PNR,,,N,N/A,N/A,,
SFP063,ATAKALKHAYR 3,SFP,CPO,CFA,N,N,A,N/A,,PNR,GRAND MARCHE,POINTE-NOIRE,,,,CGO,,,"05-702-37-80",,,"411270","01",ESP,"1",,O,"45F",I,,1,5000000,,,,,,,,,,,0,,,,,,,,,O,O,PNR,,,N,N/A,N/A,,
SFP064,J.S.B,SFP,CPO,CFA,N,N,A,N/A,,PNR,GRAND MARCHE,POINTE-NOIRE,,,,CGO,,,"05-031-46-50",,,"411270","01",ESP,"1",,O,"45F",I,,1,5000000,,,,,,,,,,,0,,,,,,,,,O,O,PNR,,,N,N/A,N/A,,
SFP074,SOUMPOU,SFP,CPO,CFA,N,N,A,N/A,,PNR,FOND TIE TIE,POINTE-NOIRE,,,,CGO,,,"05-750-39-38",,,"411270","01",ESP,"1",,O,"45F",I,,1,3000000,,,,,,,,,,,0,,,,,,,,,O,O,PNR,,,N,N/A,N/A,,
SFP075, B.R.K,SFP,CPO,CFA,N,N,A,N/A,,PNR,SIAFOUMOU,POINTE-NOIRE,,,,CGO,,,"05-065-33-96",,,"411270","01",ESP,"1",,O,"45F",I,,1,3000000,,,,,,,,,,,0,,,,,,,,,O,O,PNR,,,N,N/A,N/A,,
SFP078,"ETS CIDRAT 1 
",SFP,CPO,CFA,N,N,A,N/A,,PNR,grand marche,POINTE-NOIRE,,,,CGO,,,"056687522",,,"411270","01",ESP,"1",,O,"45F",I,,1,2000000,,,,,,,,,,,0,,,,,,,,,O,O,PNR,,,N,N/A,N/A,,
SFP043,HONGDA LIANSHAO CONGO ENGINEERING CO.LTD/H.L.C.E,SFP,CPO,CFA,N,N,A,N/A,M240000005256630,PNR,Avenue Nelson Mandela,"Lumumba,PNR",,,,CGO,,,"05-651-33-33",,,"411270","01",ESP,"1",,O,"45E",I,,1,2500000,,,,,,,,,,,,CG-PNR-01-2024-B13-00028,,,,,,,,O,O,PNR,,,N,N/A,N/A,,
SFP045,ETS. 1 PEU 2 TOUT,SFP,CPO,CFA,N,N,A,N/A,,PNR,"FOND TIE-TIE
",POINTE-NOIRE,,,,CGO,,,"06-628-09-60",,,"411270","01",ESP,"1",,O,"45E",I,,1,2500000,,,,,,,,,,,,,,,,,,,,O,O,PNR,,,N,N/A,N/A,,
SFP047,ETS. BBA,SFP,CPO,CFA,N,N,A,N/A,,PNR,"GRAND MARCHE,",POINTE-NOIRE CONGO,,,,CGO,,,"06-986-28-28
",,,"411270","01",ESP,"1",,O,"45E",I,,1,3000000,,,,,,,,,,,,,,,,,,,,O,O,PNR,,,N,N/A,N/A,,
CL0001,POS CASH ACCOUNT,CL0,CPO,CFA,N,O,A,N/A,,PNR,,,,,,,,,,,,,"01",ESP,"0",,O,"000",I,,1,,,,,,,,,,,,,,,,,,,,,O,N,,,,O,N/A,N/A,,
SFP030,TIVAOUNE 2,SFP,CPO,CFA,N,N,A,N/A,,PNR,"FOND TIE TIE
",POINTE-NOIRE,,,,CGO,,,"06-985-34-34
",,,"411270","01",ESP,"1",,O,"45E",I,,1,8500000,,,,,,,,,,,,,,,,,,,,O,O,PNR,,,N,N/A,N/A,,
SFP032,INES-K,SFP,CPO,CFA,N,N,A,N/A,,PNR,GRAND MARCHE,POINTE-NOIRE,,,,CGO,,,"06-819-63-04
",,,"411270","01",ESP,"1",,O,"45E",I,,1,3000000,,,,,,,,,,,,,,,,,,,,O,O,PNR,,,N,N/A,N/A,,
SFP048,ETS. IMMACULE SHOPPING,SFP,CPO,CFA,N,N,A,N/A,P23000000384286L,PNR,"Nkouikou,",POINTE-NOIRE CONGO,,,,CGO,,,"05-586-46-10",,,"411270","01",ESP,"1",,O,"45E",I,,1,3000000,,,,,,,,,,,,,,,,,,,,O,O,PNR,,,N,N/A,N/A,,
SFP056,ETS SOYA SERVICES,SFP,CPO,CFA,N,N,A,N/A,,PNR,ZONE-FOND TIE-TIE,PNR,,,,CGO,,,"05-092-38-38",,,"411270","01",ESP,"1",,O,"60E",I,,1,4000000,,,,,,,,,,,,,,,,,,,,O,O,PNR,,,N,N/A,N/A,,
SFP058,SAMBA ET FRERE,SFP,CPO,CFA,N,N,A,N/A,,PNR,FOND TIE-TIE,POINTE-NOIRE,,,,CGO,,,"050835723",,,"411270","01",ESP,"1",,O,"45F",I,,1,10000000,,,,,,,,,,,0,,,,,,,,,O,O,PNR,,,N,N/A,N/A,,
SFP062,BLACK STAR,SFP,CPO,CFA,N,N,A,N/A,,PNR,MONGO KAMBA TCHYSTERE,POINTE-NOIRE,,,,CGO,,,"05-351-69-28",,,"411270","01",ESP,"1",,O,"45F",I,,1,7000000,,,,,,,,,,,0,,,,,,,,,O,O,PNR,,,N,N/A,N/A,,
SFP076,L.V.T,SFP,CPO,CFA,N,N,A,N/A,,PNR,GRAND MARCHE,POINTE-NOIRE,,,,CGO,,,"05-523-04-15",,,"411270","01",ESP,"1",,O,"45F",I,,1,2000000,,,,,,,,,,,0,,,,,,,,,O,O,PNR,,,N,N/A,N/A,,
SFP041,KEVIN,SFP,CPO,CFA,N,N,A,N/A,,PNR,ZONE-MONT KAMBA,,,,,CGO,,,"05-544-29-37
",,,"411270","01",ESP,"1",,O,"45E",I,,1,5000000,,,,,,,,,,,,,,,,,,,,O,O,PNR,,,N,N/A,N/A,,
SFP071,M.M ET FILS,SFP,CPO,CFA,N,N,A,N/A,,PNR,GRAND MARCHE,POINTE-NOIRE,,,,CGO,,, 05-620-58-26,,,"411270","01",ESP,"1",,O,"45F",I,,1,2000000,,,,,,,,,,,0,,,,,,,,,O,O,PNR,,,N,N/A,N/A,,
SFP036,SOCOPAL,SFP,CPO,CFA,N,N,A,N/A,,PNR,ZONE-GRAND MARCHE,,,,,CGO,,,"05-572-72-22
",,,"411270","01",ESP,"1",,O,"45E",I,,1,2500000,,,,,,,,,,,,,,,,,,,,O,O,PNR,,,N,N/A,N/A,,
SFP040,ETS.J.M.B,SFP,CPO,CFA,N,N,A,N/A,,PNR,ZONE-MONT KAMBA,,,,,CGO,,,"05-518-64-50
",,,"411270","01",ESP,"1",,O,"45E",I,,1,5000000,,,,,,,,,,,,,,,,,,,,O,O,PNR,,,N,N/A,N/A,,
SFP072,Y.K,SFP,CPO,CFA,N,N,A,N/A,,PNR,MONGO KAMBA TCHYSTERE,POINTE-NOIRE,,,,CGO,,,"05-632-65-00",,,"411270","01",ESP,"1",,O,"45F",I,,1,5000000,,,,,,,,,,,0,,,,,,,,,O,O,PNR,,,N,N/A,N/A,,
SPF077,SUPER BAGHDAD,SFP,CPO,CFA,N,N,A,N/A,,PNR,fond tie tie,"053707470",,,,CGO,,,"05-523-04-15",,,"411270","01",ESP,"1",,O,"45F",I,,1,2000000,,,,,,,,,,,0,,,,,,,,,O,O,PNR,,,N,N/A,N/A,,
SFP037,MAPAKOU MAJOLIE (VI-JOHN),SFP,CPO,CFA,N,N,A,N/A,,PNR,GRAND MARCHE,POINTE-NOIRE,,,,CGO,,,"06-930-31-71
",,"VAP VI JOHN 
","411270","01",ESP,"1",,O,"45E",I,,1,1500000,,,,,,,,,,,,,,,,,,,,O,O,PNR,,,N,N/A,N/A,,
SFP046,LA CASA,SFP,CPO,CFA,N,N,A,N/A,M220000002077158,PNR,"AVENUE LINGUISSI TCHICAYA,",EN FACE DE L'ECOLE TCHICAYA,POINTE-NOIRE,,,CGO,,,"06-815-16-36",,,"411270","01",ESP,"1",,O,"45E",I,,1,3000000,,,,,,,,,,,,CG-PNR-01-2022-B13-00036,,,,,,,,O,O,PNR,,,N,N/A,N/A,,
SFP038,BASSILA MARIOLO,SFP,CPO,CFA,N,N,A,N/A,,PNR,GRAND MARCHE,POINTE-NOIRE,,,,CGO,"VAP DABUR
",,"06-534-02-95",,,"411270","01",ESP,"1",,O,"45E",I,,1,500000,,,,,,,,,,,,,,,,,,,,O,O,PNR,,,N,N/A,N/A,,
SFP039,MATONDO HURCIA,SFP,CPO,CFA,N,N,A,N/A,,PNR,GRAND MARCHE,POINTE-NOIRE,,,,CGO,,,"06-749¿49-81
",,,"411270","01",ESP,"1",,O,"45E",I,,1,500000,,,,,,,,,,,,,,,,,,,,O,O,PNR,,,N,N/A,N/A,,
SFP050,ETS. DIMITRI,SFP,CPO,CFA,N,N,A,N/A,,PNR,"MONGO-KAMBA,TCHYSTERE
,",POINTE-NOIRE CONGO,,,,CGO,,,"06-999-68-00

",,,"411270","01",ESP,"1",,O,"45E",I,,1,3000000,,,,,,,,,,,,,,,,,,,,O,O,PNR,,,N,N/A,N/A,,
SFP053,ETS.DON KADI,SFP,CPO,CFA,N,N,A,N/A,,PNR,ZONE-TIE TIE,,,,,CGO,,,"06-657-18-99",,,"411270","03",ESP,"1",,O,"60E",I,,1,5000000,,,,,,,,,,,,,,,,,,,,O,O,PNR,,,N,N/A,N/A,,
SFP057,ETS F.B,SFP,CPO,CFA,N,N,A,N/A,,PNR,GRAND MARCHE,POINTE-NOIRE,,,,CGO,,,"06-590-47-10",,,"411270","01",ESP,"1",,O,"45F",I,,1,3000000,,,,,,,,,,,0,,,,,,,,,O,O,PNR,,,N,N/A,N/A,,
SFP059,OMD,SFP,CPO,CFA,N,N,A,N/A,CG-PNR-01-2020-A10-00431,PNR,GRAND MARCHE,POINTE-NOIRE,,,,CGO,,,"05-366-14-78",,,"411270","01",ESP,"1",,O,"45F",I,,1,5000000,,,,,,,,,,,0,,,,,,,,,O,O,PNR,,,N,N/A,N/A,,
SFP060,DENTAL 3,SFP,CPO,CFA,N,N,A,N/A,,PNR,FONd TIE TIE,POINTE-NOIRE,,,,CGO,,,"04-457-28-26",,,"411270","01",ESP,"1",,O,"45F",I,,1,5000000,,,,,,,,,,,0,,,,,,,,,O,O,PNR,,,N,N/A,N/A,,
SFP061,TIVAOUNE 1,SFP,CPO,CFA,N,N,A,N/A,,PNR,FONd TIE TIE,POINTE-NOIRE,,,,CGO,,,"05-761-81-81",,,"411270","01",ESP,"1",,O,"45F",I,,1,7000000,,,,,,,,,,,0,,,,,,,,,O,O,PNR,,,N,N/A,N/A,,
SFP066,S PRODUCTION,SFP,CPO,CFA,N,N,A,N/A,,PNR,ZONE-Montkamba,,,,,CGO,,,"06-940-50-19",,,"411270","01",ESP,"1",,O,"60E",I,,1,10000000,,,,,,,,,,,0,,"
Su",,,,,,,O,O,PNR,,,N,N/A,N/A,,
SFP068,ADAS DISTRIBUTION,SFP,CPO,CFA,N,N,A,N/A,,PNR,VAP BELLE HOLLANDAISE,POINTE-NOIRE,,,,CGO,,, 05-555-90-61,,,"411270","01",ESP,"1",,O,"45F",I,,1,2000000,,,,,,,,,,,0,,,,,,,,,O,O,PNR,,,N,N/A,N/A,,
SFP069,BON VOYAGE,SFP,CPO,CFA,N,N,A,N/A,,PNR,MENGO,POINTE-NOIRE,,,,CGO,,,"04-030-33-26",,,"411270","01",ESP,"1",,O,"45F",I,,1,6000000,,,,,,,,,,,0,,,,,,,,,O,O,PNR,,,N,N/A,N/A,,
SFP070,GANGUE,SFP,CPO,CFA,N,N,A,N/A,,PNR,GRAND MARCHE,POINTE-NOIRE,,,,CGO,,,"05-029-21-25",,,"411270","01",ESP,"1",,O,"45F",I,,1,3000000,,,,,,,,,,,0,,,,,,,,,O,O,PNR,,,N,N/A,N/A,,
SFP073,SABIMEX,SFP,CPO,CFA,N,N,A,N/A,,PNR,MAKAYABOU,POINTE-NOIRE,,,,CGO,,,"05-077-37-90",,,"411270","01",ESP,"1",,O,"45F",I,,1,3000000,,,,,,,,,,,0,,,,,,,,,O,O,PNR,,,N,N/A,N/A,,
SFP077,"ETS GADIYABA 2
",SFP,CPO,CFA,N,N,A,N/A,,PNR,fond tie tie,POINTE-NOIRE,,,,CGO,,,(  050987950),,,"411270","01",ESP,"1",,O,"45F",I,,1,2000000,,,,,,,,,,,0,,,,,,,,,O,O,PNR,,,N,N/A,N/A,,
