CODTARIF,CODART,TARIF,TARIF_HT,DATMAJ,CODUTI
1,5574,3950,3322.1194,2018-10-30 20:31:51.000,KAMAL
1,5575,2950,2481.0765,2018-10-30 20:31:51.000,KAMAL
1,5576,1950,1640.0336,2024-08-23 20:01:45.000,JT
1,5577,3250,2733.3894,2023-06-01 18:56:50.000,MANOJ
1,5578,3950,3322.1194,2016-07-29 13:30:54.000,XXXX
1,5580,1500,1261.5643,2023-05-11 18:48:58.000,DIVYA
1,5581,3250,2733.3894,2022-12-07 19:21:45.000,MANOJ
1,5583,3250,2733.3894,2024-08-23 20:01:44.000,JT
1,5584,1650,1387.7208,2016-07-29 13:30:57.000,XXXX
1,5585,1500,1261.5643,2022-05-02 09:44:28.000,KAMAL
1,5586,2250,1892.3465,2016-07-29 13:30:57.000,XXXX
1,5588,1500,1261.5643,2022-12-16 20:45:07.000,MANOJ
1,5589,1500,1261.5643,2023-06-01 18:56:50.000,MANOJ
1,5590,1500,1261.5643,2020-07-10 18:19:18.000,MANNU
1,5591,1950,1640.0336,2023-04-14 20:59:40.000,DIVYA
1,5592,1650,1387.7208,2020-04-23 08:58:16.000,MANNU
1,5593,2500,2102.6072,2024-08-23 20:01:44.000,JT
1,5594,1950,1640.0336,2024-08-23 20:01:44.000,JT
1,5596,1500,1261.5643,2020-07-10 18:19:18.000,MANNU
1,5597,1650,1387.7208,2020-02-06 21:01:13.000,KAMAL
1,5598,1750,1471.8251,2023-06-01 18:56:50.000,MANOJ
1,5599,2250,1892.3465,2024-02-06 20:44:48.000,MANOJ
1,5600,1950,1640.0336,2024-02-06 20:44:48.000,MANOJ
1,5601,1500,1261.5643,2026-03-23 20:19:03.000,JT
1,5602,1500,1261.5643,2016-07-29 13:30:54.000,XXXX
1,5603,5500,4625.7359,2023-11-24 19:58:01.000,MANOJ
1,5605,2500,2102.6072,2021-11-05 19:17:54.000,MANOJ
1,5608,1750,1471.8251,2023-06-01 18:56:50.000,MANOJ
1,5609,2950,2481.0765,2016-07-29 13:30:53.000,XXXX
1,5610,950,798.9907,2016-07-29 13:30:57.000,XXXX
1,5611,3950,3322.1194,2016-07-29 13:30:57.000,XXXX
1,5613,750,630.7822,2016-07-29 13:30:57.000,XXXX
1,5614,4500,3784.693,2016-12-05 17:08:27.000,KAMAL
1,5615,1500,1261.5643,2024-07-30 19:20:46.000,JT
1,5616,3500,2943.6501,2023-01-30 21:23:26.000,DIVYA
1,5617,1500,1261.5643,2025-02-11 20:15:33.000,JT
1,5618,1500,1261.5643,2025-02-11 20:15:33.000,JT
1,5619,3950,3322.1194,2026-02-26 20:05:01.000,JT
1,5620,3950,3322.1194,2016-07-29 13:30:56.000,XXXX
1,5621,2750,2312.868,2024-07-30 19:20:46.000,JT
1,5624,4500,3784.693,2016-11-23 00:55:31.000,KAMAL
1,5625,4950,4163.1623,2016-12-16 22:15:13.000,KAMAL
1,5627,4500,3784.693,2016-12-16 22:15:11.000,KAMAL
1,5628,3500,2943.6501,2025-09-27 19:32:49.000,JT
1,5629,2950,2481.0765,2022-07-22 19:56:26.000,MANOJ
1,5630,2250,1892.3465,2017-10-14 19:53:37.000,KAMAL
1,5631,3500,2943.6501,2017-03-16 20:51:27.000,KAMAL
1,5632,6950,5845.2481,2016-07-29 13:30:58.000,XXXX
1,5633,8950,7527.3339,2016-07-29 13:30:54.000,XXXX
1,5634,1950,1640.0336,2026-03-05 20:13:08.000,JT
1,5638,2950,2481.0765,2018-03-20 19:04:22.000,KAMAL
1,5641,2950,2481.0765,2016-07-29 13:30:54.000,XXXX
1,5642,2950,2481.0765,2024-12-16 20:19:38.000,JT
1,5643,2950,2481.0765,2024-12-16 20:19:38.000,JT
1,5644,2950,2481.0765,2024-12-16 20:19:38.000,JT
1,5646,2950,2481.0765,2016-07-29 13:30:54.000,XXXX
1,5648,2750,2312.868,2023-06-05 19:47:02.000,MANOJ
1,5653,3250,2733.3894,2024-12-16 20:19:38.000,JT
1,5657,4250,3574.4323,2024-12-16 20:19:38.000,JT
1,5659,3500,2943.6501,2024-12-16 20:19:38.000,JT
1,5664,500,420.5214,2024-11-27 19:32:59.000,JT
1,5669,1250,1051.3036,2024-11-27 19:32:59.000,JT
1,5671,1150,967.1993,2019-10-07 19:53:10.000,KAMAL
1,5675,4500,3784.693,2025-10-21 19:32:48.000,JT
1,5682,4950,4163.1623,2016-09-15 20:45:12.000,JACKY
1,5692,1950,1640.0336,2016-07-29 13:30:57.000,XXXX
1,5705,1750,1750,2025-04-24 19:01:56.000,JT
1,5707,2500,2500,2019-12-23 13:59:42.000,KAMAL
1,5716,1950,1640.0336,2022-03-14 21:02:31.000,MANOJ
1,5721,2750,2312.868,2025-10-06 20:27:52.000,JT
1,5728,1950,1640.0336,2019-07-31 20:59:07.000,MANNU
1,5738,950,798.9907,2016-07-29 13:30:54.000,XXXX
1,5742,2250,1892.3465,2026-03-25 19:16:17.000,JT
1,5747,2500,2102.6072,2018-03-20 20:38:17.000,KAMAL
1,5749,2250,1892.3465,2022-11-17 20:29:02.000,BABU
1,5751,1250,1051.3036,2021-06-30 21:01:24.000,KAMAL
1,5753,4950,4163.1623,2016-07-29 13:30:57.000,XXXX
1,5756,6950,5845.2481,2016-07-29 13:30:54.000,XXXX
1,5758,2950,2481.0765,2016-07-29 13:30:54.000,XXXX
1,5760,2450,2060.5551,2016-07-29 13:30:54.000,XXXX
1,5762,950,798.9907,2018-11-05 20:44:43.000,KAMAL
1,5764,8500,7148.8646,2022-12-06 20:29:45.000,MANOJ
1,5766,300,252.3129,2024-06-24 00:00:00.000,RGCML
1,5768,3500,2943.6501,2024-03-14 20:22:29.000,MANOJ
1,5772,2950,2481.0765,2016-07-29 13:30:52.000,XXXX
1,5782,2950,2481.0765,2016-11-23 00:55:31.000,KAMAL
1,5791,950,798.9907,2016-07-29 13:30:56.000,XXXX
1,5792,2950,2481.0765,2016-07-29 13:30:57.000,XXXX
1,5794,4950,4163.1623,2016-07-29 13:30:57.000,XXXX
1,5796,2950,2481.0765,2016-07-29 13:30:54.000,XXXX
1,5798,3950,3322.1194,2018-03-12 21:31:28.000,KAMAL
1,5801,3500,2943.6501,2026-03-05 20:13:08.000,JT
1,5805,1450,1219.5122,2016-07-29 13:30:54.000,XXXX
1,5810,1950,1640.0336,2021-06-30 21:01:21.000,KAMAL
1,5812,3950,3322.1194,2018-03-20 20:38:21.000,KAMAL
1,5814,4950,4163.1623,2016-07-29 13:30:57.000,XXXX
1,5818,2950,2481.0765,2016-07-29 13:34:44.000,XXXX
1,5824,950,798.9907,2018-05-28 21:14:57.000,KAMAL
1,5826,1750,1471.8251,2024-08-23 20:01:44.000,JT
1,5829,5950,5004.2052,2016-07-29 13:30:56.000,XXXX
1,5833,2950,2481.0765,2024-08-23 20:01:44.000,JT
1,5839,950,798.9907,2016-08-18 19:25:06.000,KAMAL
1,5847,2250,1892.3465,2022-01-05 20:34:12.000,MANOJ
1,5849,2500,2102.6072,2017-01-02 22:40:16.000,KAMAL
1,5852,1250,1051.3036,2021-07-08 19:32:42.000,GJ
1,5854,1950,1640.0336,2024-12-16 20:19:38.000,JT
1,5858,3950,3322.1194,2016-11-23 00:55:31.000,KAMAL
1,5860,1950,1640.0336,2017-10-14 19:53:34.000,KAMAL
1,5862,3250,2733.3894,2024-12-16 20:19:38.000,JT
1,5864,2950,2481.0765,2016-07-29 13:30:58.000,XXXX
1,5866,6950,5845.2481,2016-12-16 22:05:00.000,KAMAL
1,5869,1950,1640.0336,2016-07-29 13:30:54.000,XXXX
1,5871,5950,5004.2052,2016-12-16 22:05:00.000,KAMAL
1,5873,5950,5004.2052,2016-12-16 22:05:01.000,KAMAL
1,5875,1500,1261.5643,2024-11-27 19:32:59.000,JT
1,5876,750,630.7822,2024-11-27 19:32:59.000,JT
1,5878,3950,3322.1194,2018-12-11 20:50:08.000,MANNU
1,5880,6500,5466.7788,2023-02-27 19:44:43.000,DIVYA
1,5882,1950,1640.0336,2016-07-29 13:30:55.000,XXXX
1,5885,1950,1640.0336,2023-05-15 19:26:33.000,DIVYA
1,5887,1950,1950,2016-07-29 13:30:57.000,XXXX
1,5889,6500,5466.7788,2024-06-24 20:58:41.000,JT
1,5891,950,798.9907,2016-07-29 13:30:53.000,XXXX
1,5895,2950,2481.0765,2016-07-29 13:30:53.000,XXXX
1,5897,2500,2102.6072,2018-12-11 20:50:10.000,MANNU
1,5901,1950,1640.0336,2017-10-14 19:53:24.000,KAMAL
1,5903,1950,1640.0336,2016-07-29 13:30:54.000,XXXX
1,5905,1950,1640.0336,2016-07-29 13:30:53.000,XXXX
1,5907,2250,1892.3465,2018-12-21 20:47:50.000,MANNU
1,5909,1950,1640.0336,2020-09-03 18:58:34.000,KAMAL
1,5912,7950,6686.291,2022-11-21 20:37:00.000,MANOJ
1,5916,350,294.365,2023-05-11 18:49:00.000,DIVYA
1,5918,12950,10891.5055,2025-04-24 19:02:07.000,JT
1,5920,3950,3322.1194,2016-07-29 13:30:56.000,XXXX
1,5923,450,378.4693,2016-07-29 13:30:57.000,XXXX
1,5924,750,630.7822,2016-07-29 13:30:57.000,XXXX
1,5928,6950,5845.2481,2016-07-29 13:30:53.000,XXXX
1,5933,3950,3322.1194,2016-07-29 13:30:56.000,XXXX
1,5936,500,420.5214,2021-08-16 20:52:29.000,GJ
1,5938,2250,1892.3465,2026-03-05 20:13:09.000,JT
1,5940,1250,1051.3036,2018-06-06 09:00:00.000,KAMAL
1,5943,950,798.9907,2025-08-11 00:00:00.000,RGCML
1,5948,2500,2102.6072,2024-12-16 20:19:38.000,JT
1,5951,3500,2943.6501,2024-08-20 20:29:39.000,JT
1,5953,2950,2481.0765,2025-02-15 19:59:12.000,JT
1,5955,2500,2102.6072,2025-04-24 19:02:01.000,JT
1,5957,1000,841.0429,2016-07-29 13:34:44.000,XXXX
1,5959,1750,1471.8251,2016-07-29 13:34:44.000,XXXX
1,5961,1250,1250,2018-06-06 09:00:00.000,KAMAL
1,5965,1950,1640.0336,2021-06-30 21:01:17.000,KAMAL
1,5967,2950,2950,2016-07-29 13:30:54.000,XXXX
1,5971,1500,1500,2024-08-23 20:01:43.000,JT
1,5973,1500,1261.5643,2021-05-20 19:50:44.000,MANNU
1,5975,17500,14718.2506,2025-10-21 19:32:48.000,JT
1,5977,5950,5004.2052,2025-10-21 19:32:48.000,JT
1,5979,1250,1250,2016-07-29 13:30:57.000,XXXX
1,5982,4950,4163.1623,2016-11-22 17:48:58.000,KAMAL
1,5985,2950,2481.0765,2016-07-29 13:30:56.000,XXXX
1,5988,2950,2481.0765,2018-12-11 20:50:09.000,MANNU
1,5991,6950,5845.2481,2016-07-29 13:30:54.000,XXXX
1,5994,5950,5004.2052,2016-07-29 13:30:54.000,XXXX
1,5996,1950,1640.0336,2026-02-17 20:13:20.000,JT
1,5998,750,630.7822,2017-08-03 00:00:00.000,DHARM
1,5999,5950,5004.2052,2016-11-22 17:48:58.000,KAMAL
1,6000,7500,6307.8217,2020-01-08 21:03:38.000,KAMAL
1,6001,10950,9209.4197,2016-07-29 13:30:55.000,XXXX
1,6002,3250,2733.3894,2024-11-28 13:28:08.000,DIVYA
1,6003,1950,1640.0336,2016-12-16 22:15:16.000,KAMAL
1,6004,2250,1892.3465,2026-03-05 20:13:05.000,JT
1,6005,1950,1640.0336,2016-07-29 13:30:57.000,XXXX
1,6006,1250,1051.3036,2022-12-09 20:32:56.000,MANOJ
1,6007,1950,1640.0336,2016-07-29 13:30:56.000,XXXX
1,6008,1950,1640.0336,2016-07-29 13:30:57.000,XXXX
1,6009,1950,1640.0336,2016-07-29 13:30:57.000,XXXX
1,6010,2500,2102.6072,2026-03-05 20:13:06.000,JT
1,6011,1950,1640.0336,2026-03-05 20:13:06.000,JT
1,6012,1500,1261.5643,2018-05-02 00:00:00.000,DHARM
1,6013,500,420.5214,2016-07-29 13:30:57.000,XXXX
1,6014,1950,1640.0336,2026-03-05 20:13:06.000,JT
1,6015,1750,1471.8251,2021-07-08 19:32:41.000,GJ
1,6016,1950,1640.0336,2021-07-08 19:32:41.000,GJ
1,6017,1950,1640.0336,2016-07-29 13:30:57.000,XXXX
1,6018,1950,1640.0336,2016-07-29 13:30:57.000,XXXX
1,6019,1500,1261.5643,2021-01-24 15:17:06.000,GJ
1,6020,750,630.7822,2017-10-18 00:00:00.000,DHARM
1,6021,1500,1261.5643,2026-03-05 20:13:05.000,JT
1,6022,1950,1640.0336,2016-07-29 13:34:44.000,XXXX
1,6024,1950,1640.0336,2021-07-08 19:32:41.000,GJ
1,6025,1500,1261.5643,2026-03-05 20:13:05.000,JT
1,149310,650,546.6779,2025-02-05 00:00:00.000,RGCML
1,180330,1750,1471.8251,2026-03-19 20:13:35.000,JT
1,193192,11950,10050.4626,2025-02-05 20:47:16.000,JT
1,33083,950,798.9907,2018-10-11 00:00:00.000,RGCML
1,33085,2500,2102.6072,2016-12-03 10:24:56.000,KAMAL
1,33087,2500,2102.6072,2016-12-03 10:24:56.000,KAMAL
1,33091,2500,2102.6072,2016-12-03 10:24:56.000,KAMAL
1,33093,2950,2950,2016-07-29 13:30:59.000,XXXX
1,33094,1950,1950,2016-07-29 13:30:59.000,XXXX
1,33097,15950,15950,2016-07-29 13:34:43.000,XXXX
1,33099,9750,9750,2016-07-29 13:34:43.000,XXXX
1,33101,8950,8950,2016-07-29 13:34:43.000,XXXX
1,33103,7950,7950,2016-07-29 13:34:43.000,XXXX
1,33104,9950,9950,2016-07-29 13:34:43.000,XXXX
1,33106,5950,5004.2052,2016-07-29 13:34:43.000,XXXX
1,33108,6250,5256.5181,2016-07-29 13:34:43.000,XXXX
1,33110,4450,3742.6409,2016-07-29 13:34:43.000,XXXX
1,33112,18500,18500,2016-07-29 13:34:43.000,XXXX
1,33114,12950,12950,2016-07-29 13:34:43.000,XXXX
1,33115,12950,12950,2016-07-29 13:34:43.000,XXXX
1,33117,6950,6950,2016-07-29 13:34:43.000,XXXX
1,33119,4950,4950,2016-07-29 13:34:43.000,XXXX
1,33120,8950,8950,2016-07-29 13:34:43.000,XXXX
1,33122,4750,3994.9537,2016-07-29 13:34:43.000,XXXX
1,33124,1000,841.0429,2022-07-16 00:00:00.000,MANOJ
1,33126,1500,1500,2016-07-29 13:34:43.000,XXXX
1,33128,6950,5845.2481,2016-07-29 13:34:43.000,XXXX
1,33130,8950,7527.3339,2016-07-29 13:34:43.000,XXXX
1,33132,8950,7527.3339,2016-07-29 13:34:43.000,XXXX
1,33134,8950,7527.3339,2016-07-29 13:34:43.000,XXXX
1,33136,8950,7527.3339,2016-07-29 13:34:43.000,XXXX
1,33138,8950,7527.3339,2016-07-29 13:34:43.000,XXXX
1,33139,8950,7527.3339,2016-07-29 13:34:43.000,XXXX
1,33141,12950,10891.5055,2016-07-29 13:34:41.000,XXXX
1,33143,8950,7527.3339,2016-07-29 13:34:43.000,XXXX
1,33145,4950,4163.1623,2016-07-29 13:34:43.000,XXXX
1,33147,6950,5845.2481,2016-07-29 13:34:43.000,XXXX
1,33149,6950,5845.2481,2016-07-29 13:34:43.000,XXXX
1,33151,6950,5845.2481,2016-07-29 13:34:43.000,XXXX
1,33153,7950,6686.291,2016-07-29 13:34:43.000,XXXX
1,33155,2500,2500,2016-07-29 13:34:43.000,XXXX
1,33157,5950,5004.2052,2016-07-29 13:34:43.000,XXXX
1,33158,4950,4163.1623,2016-07-29 13:34:43.000,XXXX
1,33160,6450,5424.7267,2016-07-29 13:34:43.000,XXXX
1,33162,5950,5004.2052,2016-07-29 13:34:43.000,XXXX
1,33164,4950,4163.1623,2016-07-29 13:34:43.000,XXXX
1,33166,5950,5004.2052,2016-07-29 13:34:43.000,XXXX
1,33168,8950,7527.3339,2016-07-29 13:34:43.000,XXXX
1,33170,5950,5004.2052,2016-07-29 13:34:43.000,XXXX
1,33172,8950,7527.3339,2016-07-29 13:34:43.000,XXXX
1,33174,6950,5845.2481,2016-07-29 13:34:43.000,XXXX
1,33176,6950,5845.2481,2016-07-29 13:34:43.000,XXXX
1,33177,2950,2481.0765,2016-07-29 13:34:41.000,XXXX
1,33179,17950,15096.7199,2016-07-29 13:34:43.000,XXXX
1,33181,17950,15096.7199,2016-07-29 13:34:43.000,XXXX
1,33183,12950,10891.5055,2016-07-29 13:34:43.000,XXXX
1,33185,12950,10891.5055,2016-07-29 13:34:43.000,XXXX
1,33187,8950,7527.3339,2016-07-29 13:34:43.000,XXXX
1,33188,8950,8950,2016-07-29 13:34:43.000,XXXX
1,33190,10950,10950,2016-07-29 13:34:43.000,XXXX
1,33192,8950,8950,2016-07-29 13:34:43.000,XXXX
1,33193,8950,8950,2016-07-29 13:34:43.000,XXXX
1,33195,8950,7527.3339,2016-07-29 13:34:43.000,XXXX
1,33198,12950,10891.5055,2016-07-29 13:34:43.000,XXXX
1,33200,8950,7527.3339,2016-07-29 13:34:41.000,XXXX
1,33204,12950,10891.5055,2016-07-29 13:34:43.000,XXXX
1,33206,10950,9209.4197,2016-07-29 13:34:43.000,XXXX
1,33208,19950,16778.8057,2016-07-29 13:34:43.000,XXXX
1,33210,6950,5845.2481,2016-07-29 13:34:43.000,XXXX
1,33211,21950,18460.8915,2016-07-29 13:34:43.000,XXXX
1,33214,9950,8368.3768,2016-07-29 13:34:43.000,XXXX
1,33216,12950,10891.5055,2016-07-29 13:34:43.000,XXXX
1,33218,13950,11732.5484,2016-07-29 13:34:43.000,XXXX
1,33220,9750,8200.1682,2016-07-29 13:34:43.000,XXXX
1,33222,16950,14255.677,2016-07-29 13:34:43.000,XXXX
1,33224,8950,7527.3339,2016-07-29 13:34:43.000,XXXX
1,33225,22950,19301.9344,2016-07-29 13:34:43.000,XXXX
1,33228,5500,5500,2016-07-29 13:34:43.000,XXXX
1,33230,8950,7527.3339,2016-07-29 13:34:43.000,XXXX
1,33232,14950,14950,2016-07-29 13:34:43.000,XXXX
1,33234,7950,7950,2016-07-29 13:34:43.000,XXXX
1,33235,8950,7527.3339,2016-07-29 13:34:43.000,XXXX
1,33237,13950,11732.5484,2016-07-29 13:34:43.000,XXXX
1,33239,9950,8368.3768,2016-07-29 13:34:43.000,XXXX
1,33242,1250,1051.3036,2016-07-29 13:34:43.000,XXXX
1,33244,1350,1350,2016-07-29 13:34:43.000,XXXX
1,33246,1250,1051.3036,2016-07-29 13:34:43.000,XXXX
1,33248,1500,1500,2022-06-28 00:00:00.000,RGCML
1,33249,1950,1950,2016-07-29 13:34:43.000,XXXX
1,33251,4950,4950,2016-07-29 13:34:43.000,XXXX
1,33253,4950,4950,2016-07-29 13:34:43.000,XXXX
1,33255,6450,6450,2016-07-29 13:34:43.000,XXXX
1,33257,10950,10950,2016-07-29 13:34:43.000,XXXX
1,33258,7950,7950,2016-07-29 13:34:43.000,XXXX
1,33260,12950,12950,2016-07-29 13:34:43.000,XXXX
1,33262,4950,4950,2016-07-29 13:34:43.000,XXXX
1,33264,8950,7527.3339,2016-07-29 13:34:43.000,XXXX
1,33266,6950,5845.2481,2016-07-29 13:34:43.000,XXXX
1,33268,6950,5845.2481,2016-07-29 13:34:43.000,XXXX
1,33270,2450,2060.5551,2016-07-29 13:34:43.000,XXXX
1,33272,3950,3322.1194,2016-07-29 13:34:43.000,XXXX
1,33274,3950,3322.1194,2016-07-29 13:34:43.000,XXXX
1,33276,4950,4163.1623,2016-07-29 13:34:43.000,XXXX
1,33277,4950,4163.1623,2016-07-29 13:34:43.000,XXXX
1,33280,4250,3574.4323,2025-03-28 18:24:20.000,JT
1,33282,3500,2943.6501,2017-04-25 00:00:00.000,DHARM
1,33284,4950,4163.1623,2016-07-29 13:34:43.000,XXXX
1,33286,2950,2481.0765,2016-07-29 13:34:43.000,XXXX
1,33288,2500,2102.6072,2016-07-29 13:34:43.000,XXXX
1,33290,2950,2481.0765,2025-07-25 20:39:53.000,JT
1,33292,6950,5845.2481,2024-03-22 19:32:41.000,MANOJ
1,33294,3950,3322.1194,2016-07-29 13:34:43.000,XXXX
1,33296,8950,7527.3339,2016-07-29 13:34:43.000,XXXX
1,33298,4950,4163.1623,2016-07-29 13:34:43.000,XXXX
1,33300,2450,2060.5551,2016-07-29 13:34:43.000,XXXX
1,33302,3950,3322.1194,2016-07-29 13:34:43.000,XXXX
1,33304,3950,3322.1194,2016-07-29 13:34:43.000,XXXX
1,33305,2950,2481.0765,2016-07-29 13:34:43.000,XXXX
1,33306,3950,3322.1194,2016-07-29 13:34:43.000,XXXX
1,33310,2950,2481.0765,2016-07-29 13:34:43.000,XXXX
1,33311,4950,4163.1623,2025-05-12 00:00:00.000,RGCML
1,33312,1500,1261.5643,2016-07-29 13:34:43.000,XXXX
1,33313,3950,3322.1194,2016-07-29 13:34:43.000,XXXX
1,33314,1250,1051.3036,2016-07-29 13:34:43.000,XXXX
1,33315,1250,1051.3036,2016-07-29 13:34:43.000,XXXX
1,33316,10950,9209.4197,2022-02-10 00:00:00.000,GIRIS
1,33317,1500,1261.5643,2016-07-29 13:34:43.000,XXXX
1,33318,3500,2943.6501,2016-07-29 13:34:43.000,XXXX
1,33319,6950,5845.2481,2017-07-11 00:00:00.000,DHARM
1,33320,3250,2733.3894,2022-04-02 00:00:00.000,RGCML
1,33321,2950,2481.0765,2016-07-29 13:34:41.000,XXXX
1,33322,2750,2312.868,2025-10-16 21:13:37.000,JT
1,33323,3950,3322.1194,2016-07-29 13:34:41.000,XXXX
1,33324,2950,2481.0765,2024-11-26 00:00:00.000,RGCML
1,33325,17950,15096.7199,2016-07-29 13:34:41.000,XXXX
1,33326,8950,7527.3339,2016-07-29 13:34:41.000,XXXX
1,33327,12950,10891.5055,2016-07-29 13:34:41.000,XXXX
1,33328,24950,20984.0202,2016-07-29 13:34:43.000,XXXX
1,33329,24950,20984.0202,2016-07-29 13:34:43.000,XXXX
1,33330,18950,15937.7628,2016-07-29 13:34:41.000,XXXX
1,33331,8950,7527.3339,2016-07-29 13:34:41.000,XXXX
1,33332,10950,9209.4197,2016-07-29 13:34:41.000,XXXX
1,33333,15950,13414.6341,2016-07-29 13:34:41.000,XXXX
1,33334,8950,7527.3339,2016-07-29 13:34:41.000,XXXX
1,33335,12950,10891.5055,2016-07-29 13:34:43.000,XXXX
1,33336,6950,5845.2481,2016-07-29 13:34:43.000,XXXX
1,33337,16950,14255.677,2016-07-29 13:34:43.000,XXXX
1,33338,5500,4625.7359,2016-07-29 13:34:43.000,XXXX
1,33339,10950,9209.4197,2016-07-29 13:34:41.000,XXXX
1,33340,6950,5845.2481,2016-07-29 13:34:43.000,XXXX
1,33341,6950,5845.2481,2016-07-29 13:34:43.000,XXXX
1,33342,24950,20984.0202,2016-07-29 13:34:43.000,XXXX
1,33343,4500,3784.693,2016-07-29 13:34:43.000,XXXX
1,33344,4950,4163.1623,2016-07-29 13:34:41.000,XXXX
1,33345,3500,3500,2016-07-29 13:34:42.000,XXXX
1,33346,4950,4163.1623,2016-07-29 13:34:42.000,XXXX
1,33347,4000,3364.1716,2016-07-29 13:34:42.000,XXXX
1,33348,1950,1950,2016-07-29 13:34:42.000,XXXX
1,33349,5950,5950,2016-07-29 13:34:42.000,XXXX
1,33350,5950,5950,2016-07-29 13:34:42.000,XXXX
1,33351,1500,1261.5643,2016-07-29 13:34:42.000,XXXX
1,33352,1500,1261.5643,2016-07-29 13:34:42.000,XXXX
1,33353,1500,1261.5643,2016-07-29 13:34:42.000,XXXX
1,33355,1500,1261.5643,2016-07-29 13:34:41.000,XXXX
1,33356,3950,3322.1194,2016-07-29 13:34:45.000,XXXX
1,33358,3950,3322.1194,2016-07-29 13:34:45.000,XXXX
1,33359,800,672.8343,2016-07-29 13:34:44.000,XXXX
1,33360,2000,1682.0858,2016-07-29 13:34:44.000,XXXX
1,33361,1500,1261.5643,2016-07-29 13:34:44.000,XXXX
1,33362,1500,1261.5643,2016-07-29 13:34:44.000,XXXX
1,33363,2500,2102.6072,2016-07-29 13:34:44.000,XXXX
1,33364,1250,1051.3036,2016-07-29 13:34:44.000,XXXX
1,33365,7950,6686.291,2016-07-29 13:34:44.000,XXXX
1,33366,4950,4163.1623,2016-07-29 13:34:45.000,XXXX
1,33391,2450,2060.5551,2016-07-29 13:34:43.000,XXXX
1,33392,2450,2060.5551,2016-07-29 13:34:43.000,XXXX
1,33397,5950,5004.2052,2024-11-26 00:00:00.000,RGCML
1,33398,6950,5845.2481,2016-07-29 13:34:43.000,XXXX
1,33407,3950,3322.1194,2016-07-29 13:34:43.000,XXXX
1,33408,1500,1261.5643,2016-07-29 13:34:43.000,XXXX
1,33409,1500,1261.5643,2016-07-29 13:34:43.000,XXXX
1,33410,1500,1261.5643,2016-07-29 13:34:43.000,XXXX
1,33411,1500,1261.5643,2016-07-29 13:34:43.000,XXXX
1,33412,1500,1261.5643,2016-07-29 13:34:43.000,XXXX
1,33424,2450,2060.5551,2016-07-29 13:34:43.000,XXXX
1,33442,3950,3950,2024-05-07 20:21:14.000,JT
1,33445,3500,3500,2018-07-19 10:22:06.000,KAMAL
1,33447,5950,5004.2052,2023-01-03 17:11:24.000,MANOJ
1,33448,750,630.7822,2016-07-29 13:34:44.000,XXXX
1,33451,2950,2481.0765,2026-01-16 20:38:11.000,JT
1,33453,2950,2481.0765,2016-07-29 13:34:44.000,XXXX
1,33457,2950,2481.0765,2016-07-29 13:34:44.000,XXXX
1,33459,3950,3322.1194,2016-07-29 13:34:43.000,XXXX
1,33461,4950,4163.1623,2019-01-01 12:11:32.000,KAMAL
1,33463,3950,3322.1194,2022-12-04 12:11:23.000,MANOJ
A,6983,1000,841.0429,2019-06-18 00:00:00.000,PRAKS
A,6986,1000,841.0429,2019-06-18 00:00:00.000,PRAKS
A,6988,1250,1051.3036,2020-01-18 00:00:00.000,PRAKS
A,6993,1250,1051.3036,2020-01-18 00:00:00.000,PRAKS
A,6998,10250,8620.6897,2017-02-04 09:33:01.000,KAMAL
A,7000,8950,7527.3339,2019-10-18 00:00:00.000,PRAKS
A,7007,8950,7527.3339,2019-10-18 00:00:00.000,PRAKS
A,7010,5950,5004.2052,2019-10-18 00:00:00.000,PRAKS
A,7013,2250,1892.3465,2019-02-07 21:27:43.000,PANKU
A,7019,2250,1892.3465,2019-02-07 21:27:43.000,PANKU
A,7020,1250,1051.3036,2020-01-22 00:00:00.000,PRAKS
A,7030,1000,841.0429,2019-06-18 00:00:00.000,PRAKS
A,7038,1250,1051.3036,2024-10-29 16:43:04.000,PRAKS
A,7043,450,378.4693,2023-01-06 00:00:00.000,PRAKS
A,7044,850,714.8865,2023-07-27 00:00:00.000,PRAKS
A,7053,1950,1640.0336,2022-11-06 00:00:00.000,PRAKS
A,7056,750,630.7822,2019-10-22 00:00:00.000,PRAKS
A,7057,2650,2228.7637,2022-05-12 00:00:00.000,PJ
A,7059,1500,1261.5643,2019-10-22 00:00:00.000,PRAKS
A,7063,650,546.6779,2017-04-21 09:15:10.000,KAMAL
A,7064,950,798.9907,2025-11-27 00:00:00.000,PRAKS
A,7065,550,462.5736,2016-07-26 00:00:00.000,ROOT
A,7066,950,798.9907,2025-11-27 00:00:00.000,PRAKS
A,7067,950,798.9907,2025-11-27 00:00:00.000,PRAKS
A,7068,950,798.9907,2025-11-27 00:00:00.000,PRAKS
A,7069,800,672.8343,2020-12-08 09:52:32.000,PRAKS
A,7071,950,798.9907,2025-11-27 00:00:00.000,PRAKS
A,7072,4950,4163.1623,2025-12-10 00:00:00.000,PRAKS
A,7073,4950,4163.1623,2025-12-10 00:00:00.000,PRAKS
A,7074,2750,2312.868,2025-11-27 00:00:00.000,PRAKS
A,7075,4750,3994.9537,2022-05-12 00:00:00.000,PJ
A,7076,6950,5845.2481,2019-10-17 00:00:00.000,PRAKS
A,7096,3250,2733.3894,2016-07-26 00:00:00.000,ROOT
A,7097,2950,2481.0765,2023-03-11 00:00:00.000,PRAKS
A,7099,2500,2102.6072,2024-12-15 11:23:26.000,PRAKS
A,7101,3950,3322.1194,2016-07-26 00:00:00.000,ROOT
A,7103,5250,4415.4752,2016-07-26 00:00:00.000,ROOT
A,7108,2450,2060.5551,2016-07-26 00:00:00.000,ROOT
A,7109,2500,2102.6072,2026-02-17 10:36:11.000,KISHA
A,7112,4950,4163.1623,2025-05-21 10:31:31.000,PRAKS
A,7116,1950,1640.0336,2016-07-26 00:00:00.000,ROOT
A,7129,2950,2481.0765,2016-07-26 00:00:00.000,ROOT
A,7130,1650,1387.7208,2017-05-19 00:00:00.000,JACKY
A,7134,1500,1261.5643,2021-06-08 10:42:43.000,PJ
A,7136,2500,2102.6072,2016-10-29 00:00:00.000,KAMAL
A,7139,2250,1892.3465,2024-10-30 00:00:00.000,PRAKS
A,7142,3250,2733.3894,2023-09-01 00:00:00.000,PRAKS
A,7143,3450,2901.598,2025-05-21 10:31:31.000,PRAKS
A,7145,2750,2312.868,2022-05-12 00:00:00.000,PJ
A,7146,2500,2102.6072,2020-01-22 00:00:00.000,PRAKS
A,7147,2450,2060.5551,2024-12-15 11:23:26.000,PRAKS
A,7148,1000,841.0429,2025-07-19 11:57:29.000,PRAKS
A,7149,1000,841.0429,2024-12-15 11:23:26.000,PRAKS
A,7157,1500,1261.5643,2021-04-21 00:00:00.000,PRAKS
A,7162,1600,1345.6686,2017-04-21 09:15:10.000,KAMAL
A,7163,1000,841.0429,2020-01-22 00:00:00.000,PRAKS
A,7178,4500,3784.693,2020-01-26 00:00:00.000,PRAKS
A,7180,4500,3784.693,2020-01-27 00:00:00.000,PRAKS
A,7185,4950,4163.1623,2018-09-27 00:00:00.000,PANKU
A,7186,5750,4835.9966,2016-07-26 00:00:00.000,ROOT
A,7187,5250,4415.4752,2020-01-26 00:00:00.000,PRAKS
A,7188,11950,10050.4626,2016-07-26 00:00:00.000,ROOT
A,7189,9000,7569.386,2020-01-26 00:00:00.000,PRAKS
A,7191,11750,9882.254,2023-01-16 00:00:00.000,PRAKS
A,7194,9500,7989.9075,2017-09-06 17:17:25.000,JACKY
A,7195,3900,3280.0673,2016-07-26 00:00:00.000,ROOT
A,7217,2500,2102.6072,2020-01-27 00:00:00.000,PRAKS
A,7222,3900,3280.0673,2016-07-26 00:00:00.000,ROOT
A,7223,6000,5046.2574,2021-07-14 19:08:28.000,PJ
A,7225,3750,3153.9108,2022-08-12 00:00:00.000,BABU
A,7226,3900,3280.0673,2016-07-26 00:00:00.000,ROOT
A,7227,4500,3784.693,2022-12-12 21:14:34.000,PRAKS
A,7229,5250,4415.4752,2025-11-13 13:03:43.000,PRAKS
A,7231,5750,4835.9966,2025-11-13 13:03:43.000,PRAKS
A,7269,2250,1892.3465,2016-07-26 00:00:00.000,ROOT
A,7282,1750,1471.8251,2026-01-29 15:22:00.000,PRAKS
A,7287,2650,2228.7637,2016-07-26 00:00:00.000,ROOT
A,7291,500,420.5214,2019-10-16 22:56:18.000,PRAKS
A,7302,600,504.6257,2022-09-12 00:00:00.000,PRAKS
A,7304,1850,1555.9294,2020-03-06 21:25:56.000,PRAKS
A,7307,1250,1051.3036,2020-11-12 00:00:00.000,PRAKS
A,7309,5250,4415.4752,2025-08-09 12:12:54.000,PRAKS
A,7311,9250,7779.6468,2020-11-12 00:00:00.000,PRAKS
A,7313,4250,3574.4323,2024-10-30 00:00:00.000,PRAKS
A,7316,2900,2439.0244,2017-01-17 13:21:59.000,KAMAL
A,7318,2650,2228.7637,2017-01-17 13:21:59.000,KAMAL
A,7321,2650,2228.7637,2017-01-17 13:21:59.000,KAMAL
A,7326,1650,1387.7208,2020-01-18 00:00:00.000,PRAKS
A,7329,6500,5466.7788,2019-10-18 00:00:00.000,PRAKS
A,7331,550,462.5736,2016-07-26 00:00:00.000,ROOT
A,7332,700,588.73,2016-07-26 00:00:00.000,ROOT
A,7334,800,672.8343,2024-10-30 00:00:00.000,PRAKS
A,7339,350,294.365,2024-10-18 00:00:00.000,PRAKS
A,7342,750,630.7822,2020-01-18 00:00:00.000,PRAKS
A,7345,1000,841.0429,2016-07-26 00:00:00.000,ROOT
A,7347,2900,2439.0244,2017-01-17 13:21:59.000,KAMAL
A,7349,2900,2439.0244,2017-01-17 13:21:59.000,KAMAL
A,7352,2900,2439.0244,2017-01-17 13:21:59.000,KAMAL
A,7359,1950,1950,2018-10-23 00:00:00.000,PANKU
A,7364,3750,3153.9108,2016-07-26 00:00:00.000,ROOT
A,7374,100,84.1043,2018-03-10 00:00:00.000,KAMAL
A,7382,1500,1261.5643,2023-03-27 00:00:00.000,PRAKS
A,7401,2950,2481.0765,2016-07-26 00:00:00.000,ROOT
A,7717,2500,2102.6072,2019-08-31 00:00:00.000,PRAKS
A,7726,3000,2523.1287,2017-02-14 19:29:31.000,KAMAL
A,7729,3000,2523.1287,2023-04-15 00:00:00.000,PRAKS
A,7734,2750,2312.868,2018-07-18 10:16:41.000,PANKU
A,7752,3500,2943.6501,2024-05-30 10:41:20.000,PRAKS
A,7761,2000,1682.0858,2017-02-14 19:29:32.000,KAMAL
A,7803,5250,4415.4752,2016-07-26 00:00:00.000,ROOT
A,7816,3950,3322.1194,2016-07-26 00:00:00.000,ROOT
A,7869,3450,2901.598,2016-07-26 00:00:00.000,ROOT
A,7875,3950,3322.1194,2019-10-16 22:56:18.000,PRAKS
A,7879,3000,2523.1287,2020-11-04 11:12:01.000,PRAKS
A,7942,3950,3322.1194,2026-01-29 15:22:00.000,PRAKS
A,7958,2250,1892.3465,2016-07-26 00:00:00.000,ROOT
A,7961,1450,1219.5122,2017-02-17 00:00:00.000,KAMAL
A,7964,1650,1387.7208,2016-07-26 00:00:00.000,ROOT
A,7992,2450,2060.5551,2021-04-20 00:00:00.000,PRAKS
A,8000,2950,2481.0765,2016-07-26 00:00:00.000,ROOT
A,8017,1950,1640.0336,2020-08-05 00:00:00.000,PRAKS
A,8036,3250,2733.3894,2016-07-26 00:00:00.000,ROOT
A,8071,1950,1640.0336,2025-04-04 09:18:42.000,PRAKS
A,8073,1450,1450,2023-10-06 00:00:00.000,PRAKS
A,8075,3670,3086.6274,2016-07-26 00:00:00.000,ROOT
A,8077,1000,841.0429,2025-07-21 09:01:01.000,PRAKS
A,8079,4059,3413.7931,2016-07-26 00:00:00.000,ROOT
A,8081,550,462.5736,2016-07-26 00:00:00.000,ROOT
A,8084,750,630.7822,2025-03-19 20:06:49.000,PRAKS
A,8086,2250,1892.3465,2025-09-26 00:00:00.000,PRAKS
A,8088,6750,5677.0395,2024-12-13 16:29:13.000,MOET
A,8091,2750,2312.868,2023-05-13 18:44:54.000,PRAKS
A,8124,389912,327932.7166,2016-07-26 00:00:00.000,ROOT
A,8127,1250,1250,2022-10-13 00:00:00.000,PRAKS
A,8144,1950,1640.0336,2025-04-19 08:57:46.000,PRAKS
A,8166,1000,841.0429,2026-02-14 14:43:35.000,KISHA
A,8169,1000,841.0429,2025-10-22 09:24:59.000,PRAKS
A,8198,3250,2733.3894,2016-07-26 00:00:00.000,ROOT
A,8200,3250,2733.3894,2016-07-26 00:00:00.000,ROOT
A,8204,2500,2102.6072,2018-07-18 09:21:14.000,PANKU
A,8222,2250,1892.3465,2025-07-18 08:58:03.000,PRAKS
A,8229,450,378.4693,2023-01-31 21:57:50.000,PRAKS
A,8230,5500,5500,2025-03-20 08:49:43.000,PRAKS
A,8234,475,399.4954,2016-07-26 00:00:00.000,ROOT
A,8253,2250,1892.3465,2016-07-26 00:00:00.000,ROOT
A,8298,2500,2102.6072,2025-09-09 00:00:00.000,PRAKS
A,8305,1950,1640.0336,2018-07-18 09:21:15.000,PANKU
A,8313,100,84.1043,2016-07-26 00:00:00.000,ROOT
A,8355,9500,7989.9075,2016-07-26 00:00:00.000,ROOT
A,8378,2950,2481.0765,2016-07-26 00:00:00.000,ROOT
A,8495,3950,3322.1194,2016-07-26 00:00:00.000,ROOT
A,8534,24500,24500,2018-09-27 00:00:00.000,PANKU
A,8573,29500,24810.7653,2016-07-26 00:00:00.000,ROOT
A,8848,14500,12195.122,2016-07-26 00:00:00.000,ROOT
A,8853,1000,841.0429,2019-06-18 00:00:00.000,PRAKS
A,8855,2250,1892.3465,2023-01-05 08:31:13.000,PRAKS
A,8859,1850,1555.9294,2017-02-04 09:33:05.000,KAMAL
A,8868,1850,1555.9294,2016-07-26 00:00:00.000,ROOT
A,8872,1850,1555.9294,2017-02-04 09:33:06.000,KAMAL
A,8874,2000,1682.0858,2016-07-26 00:00:00.000,ROOT
A,8880,3750,3153.9108,2016-07-26 00:00:00.000,ROOT
A,8884,3750,3153.9108,2016-07-26 00:00:00.000,ROOT
A,8887,3250,2733.3894,2016-07-26 00:00:00.000,ROOT
A,8895,14950,12573.5913,2022-09-16 19:21:29.000,KISHA
A,8897,5250,4415.4752,2022-09-16 19:21:29.000,KISHA
A,8899,7750,6518.0824,2025-08-09 12:12:54.000,PRAKS
A,8901,9250,7779.6468,2022-12-12 21:14:34.000,PRAKS
A,8903,7750,6518.0824,2022-12-12 21:14:35.000,PRAKS
A,8910,24500,20605.5509,2021-03-18 09:43:36.000,PRAKS
A,8935,6950,5845.2481,2016-07-26 00:00:00.000,ROOT
A,9490,14500,12195.122,2016-07-26 00:00:00.000,ROOT
A,9500,1100,1100,2016-07-26 00:00:00.000,ROOT
A,9503,200,200,2016-07-26 00:00:00.000,ROOT
A,9508,2500,2500,2023-07-20 00:00:00.000,PRAKS
A,9531,1250,1051.3036,2017-06-21 20:54:07.000,JACKY
A,9573,1000,841.0429,2016-07-26 00:00:00.000,ROOT
A,9780,12950,10891.5055,2016-07-26 00:00:00.000,ROOT
A,9784,9500,7989.9075,2016-07-26 00:00:00.000,ROOT
A,9787,29500,24810.7653,2016-07-26 00:00:00.000,ROOT
A,9790,2500,2102.6072,2016-07-26 00:00:00.000,ROOT
A,9857,850,714.8865,2018-09-27 00:00:00.000,PANKU
A,9858,550,462.5736,2016-07-26 00:00:00.000,ROOT
A,9859,1400,1177.4601,2018-09-27 00:00:00.000,PANKU
A,9875,12950,10891.5055,2025-12-19 08:32:46.000,KISHA
A,9955,3950,3322.1194,2020-01-30 00:00:00.000,PRAKS
A,9956,3950,3322.1194,2020-01-30 00:00:00.000,PRAKS
A,9957,4950,4163.1623,2024-12-13 16:36:19.000,MOET
A,9964,1600,1345.6686,2024-01-31 12:18:12.000,KISHA
A,9990,1500,1261.5643,2016-07-26 00:00:00.000,ROOT
