"CODTBRD","LIBTBRD","SAISAUT","CLE_SAISIE","CLE_MODIF","CLE_SUPP","VALBRD","TYPE","SAISTIE","CODTIE_DEF","OPSAIS","MAJSTOCK","SENS","TRANSFERT","TBRDCTRP","MAJRESERV","MAJPRET","OPNUM","CODCPT","OPNUM_DOC","CPTDOC","OPFAC","OPTARIF","CODTARIF","ED_MSQ","ALL_NATA","ALL_NATT","MEMO","CPTFAC","OPSAIS_VEN","MAJCDE","TRANS_MAJ","OP_TRANS","CODDEP_DEF","DEPCTRP_DEF","VEN_COMPTANT","CLE_REED","MAJSTATUT","COMPTAB"
MST,MONTHLY STOCK,O,BRD_WHSE,BRD_WHSE,BRD_OFFICE,P,STK,N,,Q,O,E,N,,,,,,,,,T,,REP_BRDQ,N,N,,,,,S,,,,N,,,N
VCZ,BC STOCK UPDATE,N,BRD_OFFICE,,,P,STK,O,,Q,O,S,N,,,,,BL,,,,T,,,O,N,,FC,,,S,,,,N,,,N
ZSR,ZERO STOCK RAZ,N,,,,P,STK,N,,M,O,S,N,,,,,BL,,,,T,,,O,N,,FC,,,S,,,,N,,,N
VC,BARCODE CASH SALES VOUCHER,N,BRD_SALES,,,P,VEN,O,,Q,O,S,N,,,,A,BL,,,,T,,,O,N,,FC,FC,,S,,,,O,,,N
CA,CA/VTES COMPTANT,N,BRD_SALES,,,P,VEN,N,,Q,O,S,N,,,,,,,,,T,,RGC_BLC_REGAL,O,N,,FC,FC,,S,,,,O,,,N
CPI,PROFORMA INVOICE,O,BRD_SALES,BRD_SALES,BRD_SR,P,DEV,O,,Q,N,E,N,,,,A,CPI,,,,T,,RGC_DEVIS_REGAL,O,N,,,,,S,,,,N,BRD_SALES,,N
CRS,CREDIT SALES,O,BRD_SALES,BRD_CRS_MD,BRD_SALES,P,VEN,O,,Q,O,S,N,,,,A,BL,,,,S,,RGC_FACT_REGAL,O,N,,FC,,,S,D,,,N,BRD_SALES,,N
PC,BROKEN & LOST,O,BRD_PC,BRD_OFFICE,BRD_OFFICE,P,STK,N,,Q,O,S,N,,,,A,PC,,,,T,,REP_BAPP,O,N,,,,,S,,,,N,BRD_OFFICE,,N
AV,AVARIES / PEREMPTION,O,BRD_WHSE,BRD_WHSE,BRD_OFFICE,P,STK,N,,Q,O,S,N,,,,A,AV,,,,T,,RGC_BMVT_REGAL,O,N,,,,,S,,,,N,,,N
OE,OFFICE EXPENSES,O,BRD_WHSE,BRD_WHSE,BRD_OFFICE,P,STK,N,,Q,O,S,N,,,,A,OE,,,,T,,RGC_BMVT_REGAL,O,N,,,,,S,,,,N,,,N
IN,OPENING STOCK,O,BRD_OFFICE,BRD_OFFICE,BRD_OFFICE,P,APP,N,,P,O,E,N,,,,A,IN,,,N,T,,REP_BAPP,O,N,,,,,S,,,,N,,,N
CRSH,CREDIT SALES HT,O,BRD_SALES,BRD_SALES,BRD_SALES,P,VEN,O,,Q,O,S,N,,,,A,BL,,,,T,,RGC_FACT_REGAL,O,N,,FC,,,S,D,,,N,BRD_SALES,,N
RW,RECEIVE FROM OTHER WHSE,N,BRD_WHSE,,BRD_WHSE,P,STK,N,,Q,O,E,N,,,,A,RW,,,,T,,RGC_BMVT_REGAL,O,N,,,,,S,,,,N,BRD_WHSE,,N
RI,STOCK RECTIFICATION (AUTO),O,BRD_OFFICE,,BRD_OFFICE,P,STK,N,,Q,O,S,N,,,,A,RI,,RID,,T,,REP_BRDQ,O,N,,,,,S,,,,N,,,N
RF,RETURN GOOD TO SUPPLIER,O,BRD_OFFICE,BRD_OFFICE,BRD_OFFICE,P,APP,O,,Q,O,S,N,,,,A,RF,,RFD,,T,,RGC_BMVT_REGAL,O,N,,,,+,V,,,,N,,,N
TW,TFR WHSE TO WHSE OFFLINE,O,BRD_WHSE,BRD_OFFICE,BRD_OFFICE,A,STK,N,,Q,O,S,N,,,,A,TW,,,,T,,RGC_BMVT_REGAL,O,N,,,,,S,,,,N,BRD_WHSE,,N
TP,TRANSFERT TO POS,O,BRD_WHSE,BRD_WHSE,BRD_OFFICE,A,STK,N,,Q,O,S,N,,,,A,TP,,,,T,,RGC_BMVT_REGAL,O,N,,,,,S,,,,N,BRD_WHSE,,N
RP,RECEIVE FROM POS (RETURN),O,BRD_WHSE,BRD_WHSE,BRD_OFFICE,P,STK,N,,Q,O,E,N,,,,A,RP,,,,T,,REP_BRDQ,O,N,,,,,S,,,,N,,,N
ST,TFR WHSE TO WHSE ONLINE,N,BRD_OFFICE,BRD_OFFICE,BRD_OFFICE,P,STK,N,,Q,O,S,N,ET,,,A,ST,,,,T,,REP_BRDQ,N,N,,,,,S,T,,,N,BRD_OFFICE,,N
IPO,IMPORT PURCHASE ORDER,O,BRD_PURCH,BRD_PURCH,BRD_PURCH,P,CFI,O,,P,N,E,N,,,,A,IPO,,,,T,,,O,N,,,,+,S,,,,N,BRD_PURCH,,N
ET,RCVD WHSE TO WHSE ONLINE,N,BRD_OFFICE,,,P,STK,N,,Q,O,E,N,ST,,,,,,,,T,,,O,N,,,,,S,,,,N,,,N
LP,LOCAL PURCHASE,O,BRD_LP,BRD_OFFICE,BRD_OFFICE,P,APP,N,,P,O,E,N,,,,A,LP,,,,T,,REP_BAPP,O,N,,FB0,,,S,,,,N,BRD_LP,,N
IP,IMPORT PURCHASE,O,BRD_OFFICE,BRD_OFFICE,BRD_OFFICE,P,APP,N,,P,O,E,N,,,,A,IP,,,,T,,RGC_BMVT_REGAL,O,N,,FB0,,,S,,,,N,BRD_OFFICE,,N
SR,STOCK RECTIFICATION,O,BRD_SR,BRD_SR,BRD_SR,P,STK,N,,Q,O,S,N,,,,A,SR,,PCD,,T,,RGC_BMVT_REGAL,O,N,,,,,S,T,,,N,BRD_SR,,N
SQ,SHORTAGE QTY FROM CTNR,O,BRD_OFFICE,BRD_OFFICE,BRD_OFFICE,A,STK,N,,Q,O,S,N,,,,A,SQ,,,,T,,RGC_BMVT_REGAL,O,N,,,,,S,,,,N,,,N
LPO,LOCAL PURCHASE ORDER,O,BRD_PURCH,BRD_PURCH,BRD_PURCH,P,CFL,O,,P,N,E,N,,,,A,LPO,,,,T,,,O,N,,,,+,S,,,,N,,,N
TR,TRANSFORM,O,,,BRD_OFFICE,P,STK,N,,Q,O,E,N,,,,A,TR,,,,T,,REP_BRDQ,O,N,,,,,S,,S01,,N,,,N
PR,PURCHASE REQUEST,O,BRD_OFFICE,BRD_OFFICE,BRD_OFFICE,P,DA,O,,P,N,E,N,,,,A,PR,,,,T,,REP_BCF,O,N,,FB0,,,V,,,,N,,,N
CNV,STOCK CONVERT,O,BRD_SC,BRD_OFFICE,BRD_OFFICE,P,STK,N,,P,O,E,N,,,,A,CNV,,PCD,,T,,RGC_BMVT_REGAL,O,N,,,,,S,,,,N,,,N
CSH,INVOICE CASH SALES HT,O,BRD_SALES,BRD_SALES,BRD_SALES,P,VEN,O,,Q,O,S,N,,,,A,BL,,,,T,,RGC_FACT_REGAL,O,N,,FC,FC,,S,,,,O,BRD_SALES,,N
CST,INVOICE CASH SALES,O,BRD_SALES,BRD_SALES,BRD_SALES,P,VEN,O,,Q,O,S,N,,,,A,BL,,,,T,,RGC_FACT_REGAL,O,N,,FC,FC,,S,D,,,O,BRD_SALES,,N
CPIH,PROFORMA INVOICE HT,O,,,,P,DEV,O,,Q,N,E,N,,,,A,CPI,,,,T,,RGC_DEVIS_REGAL,O,N,,,,,S,,,,N,,,N
SE,SHOP EXPENSES,O,BRD_WHSE,BRD_WHSE,BRD_OFFICE,P,STK,N,,Q,O,S,N,,,,A,SE,,,,T,,RGC_BMVT_REGAL,N,N,,,,,S,,,,N,,,N
SO,SALES ORDER,O,BRD_SALES,BRD_SALES,BRD_SR,P,CCL,O,,Q,N,E,N,,,,A,SO,,,,T,,RGC_DEVIS_REGAL,O,N,,,,,S,,,,N,BRD_SALES,,N
RN,REPORT A NOUVEAU,N,BRD_OFFICE,,,P,STK,N,,P,O,E,N,,,,,IN,,,,T,,REP_BAPP,O,N,,,,,S,,,,N,,,N
STK,OFFLINE STOCK,O,BRD_OFFICE,BRD_OFFICE,BRD_OFFICE,P,STK,N,,Q,O,E,N,,,,A,STK,,,,T,,REP_BRDQ,N,N,,,,,S,,,,N,,,N
SKIT,SORTIE KIT ITEM / PROMO,N,BRD_TT,BRD_TT,BRD_TT,P,STK,N,,Q,O,S,N,,,,A,SR,,,,T,,RGC_BMVT_REGAL,N,N,,,,,S,,,,N,,,N
