"CODDEP","CODART","QTESTOCK","QTECDE","QTERESERV","QTEPRET","DDERSOR","DDERENT","QTEINV","DDERINV","EMPLAC","QTEDA"
W90,"0185606",0,0,0,0,2024-10-22 00:00:00.000,2024-09-19 00:00:00.000,0,2026-01-11 00:00:00.000,,
W90,"0186296",0,0,0,0,2025-06-05 00:00:00.000,2025-03-29 00:00:00.000,0,2026-01-11 00:00:00.000,,
W90,"0186304",0,0,0,0,2025-07-04 00:00:00.000,2025-07-05 00:00:00.000,0,2026-01-11 00:00:00.000,,
W90,"0053530",0,0,0,0,2026-02-13 00:00:00.000,2026-02-11 00:00:00.000,0,2026-01-11 00:00:00.000,,
W90,"0186290",174,0,0,0,2026-04-17 00:00:00.000,2026-04-17 00:00:00.000,84,2026-01-11 00:00:00.000,,
W90,"0186298",0,0,0,0,2025-05-14 00:00:00.000,2024-10-14 00:00:00.000,0,2026-01-11 00:00:00.000,,
W90,"0186289",180,0,0,0,2026-04-17 00:00:00.000,2026-04-17 00:00:00.000,87,2026-01-11 00:00:00.000,,
W90,"0186302",0,0,0,0,2024-12-18 00:00:00.000,2024-10-09 00:00:00.000,0,2026-01-11 00:00:00.000,,
W90,"0186301",0,0,0,0,2024-12-18 00:00:00.000,2024-10-09 00:00:00.000,0,2026-01-11 00:00:00.000,,
W90,"0186299",180,0,0,0,2026-04-17 00:00:00.000,2026-04-17 00:00:00.000,110,2026-01-11 00:00:00.000,,
W90,"0186307",0,0,0,0,2024-10-18 00:00:00.000,2024-10-09 00:00:00.000,0,2026-01-11 00:00:00.000,,
W90,"0186303",0,0,0,0,2026-03-05 00:00:00.000,2026-02-26 00:00:00.000,80,2026-01-11 00:00:00.000,,
W90,"0186306",0,0,0,0,2026-02-17 00:00:00.000,2026-02-12 00:00:00.000,48,2026-01-11 00:00:00.000,,
W90,"0186292",0,0,0,0,2026-04-15 00:00:00.000,2026-02-20 00:00:00.000,56,2026-01-11 00:00:00.000,,
W90,"0186297",0,0,0,0,2025-02-28 00:00:00.000,2025-01-04 00:00:00.000,0,2026-01-11 00:00:00.000,,
W90,"0186288",0,0,0,0,2026-03-25 00:00:00.000,2026-01-22 00:00:00.000,96,2026-01-11 00:00:00.000,,
W90,"0186287",0,0,0,0,2024-10-16 00:00:00.000,2024-10-09 00:00:00.000,0,2026-01-11 00:00:00.000,,
W90,"0186291",0,0,0,0,2026-04-15 00:00:00.000,2026-02-12 00:00:00.000,80,2026-01-11 00:00:00.000,,
W90,"0186295",0,0,0,0,2025-12-29 00:00:00.000,2024-10-09 00:00:00.000,0,2026-01-11 00:00:00.000,,
W90,"0186300",0,0,0,0,2024-10-18 00:00:00.000,2024-10-18 00:00:00.000,0,2026-01-11 00:00:00.000,,
W90,"0186305",0,0,0,0,2026-04-08 00:00:00.000,2025-11-04 00:00:00.000,96,2026-01-11 00:00:00.000,,
W90,"0186293",0,0,0,0,2026-04-15 00:00:00.000,2026-02-26 00:00:00.000,16,2026-01-11 00:00:00.000,,
W90,"0186294",0,0,0,0,2025-12-20 00:00:00.000,2024-10-09 00:00:00.000,0,2026-01-11 00:00:00.000,,
W90,"0189799",-1,0,0,0,2026-04-07 00:00:00.000,2026-01-15 00:00:00.000,40,2026-01-11 00:00:00.000,,
W90,"0189809",42,0,0,0,2026-03-09 00:00:00.000,2025-01-11 00:00:00.000,60,2026-01-11 00:00:00.000,,
W90,"0189800",56,0,0,0,2026-04-07 00:00:00.000,2025-12-06 00:00:00.000,68,2026-01-11 00:00:00.000,,
W90,"0189810",36,0,0,0,2026-04-14 00:00:00.000,2026-01-15 00:00:00.000,42,2026-01-11 00:00:00.000,,
W90,"0189817",0,0,0,0,2026-03-08 00:00:00.000,2025-08-09 00:00:00.000,48,2026-01-11 00:00:00.000,,
W90,"0189811",39,0,0,0,2026-03-09 00:00:00.000,2025-08-09 00:00:00.000,51,2026-01-11 00:00:00.000,,
W90,"0189801",37,0,0,0,2026-04-07 00:00:00.000,2025-08-09 00:00:00.000,73,2026-01-11 00:00:00.000,,
W90,"0189808",36,0,0,0,2026-04-14 00:00:00.000,2025-08-09 00:00:00.000,59,2026-01-11 00:00:00.000,,
W90,"0189816",36,0,0,0,2026-04-11 00:00:00.000,2026-01-15 00:00:00.000,72,2026-01-11 00:00:00.000,,
W90,"0189802",57,0,0,0,2026-04-14 00:00:00.000,2026-01-15 00:00:00.000,21,2026-01-11 00:00:00.000,,
W90,"0189803",12,0,0,0,2026-03-26 00:00:00.000,2025-08-09 00:00:00.000,36,2026-01-11 00:00:00.000,,
W90,"0189859",204,0,0,0,2026-04-14 00:00:00.000,2026-03-26 00:00:00.000,144,2026-01-11 00:00:00.000,,
W90,"0189815",0,0,0,0,2025-02-04 00:00:00.000,2024-12-04 00:00:00.000,0,2026-01-11 00:00:00.000,,
W90,"0189813",0,0,0,0,2025-09-14 00:00:00.000,2024-12-04 00:00:00.000,0,2026-01-11 00:00:00.000,,
W90,"0189855",42,0,0,0,2026-04-14 00:00:00.000,2026-03-19 00:00:00.000,48,2026-01-11 00:00:00.000,,
W90,"0189812",30,0,0,0,2026-03-26 00:00:00.000,2026-01-15 00:00:00.000,30,2026-01-11 00:00:00.000,,
W90,"0189814",2,0,0,0,2026-01-08 00:00:00.000,2025-01-11 00:00:00.000,2,2026-01-11 00:00:00.000,,
W90,"0189827",24,0,0,0,2026-04-14 00:00:00.000,2025-12-06 00:00:00.000,54,2026-01-11 00:00:00.000,,
W90,"0189826",54,0,0,0,2026-04-14 00:00:00.000,2025-08-09 00:00:00.000,77,2026-01-11 00:00:00.000,,
W90,"0189825",35,0,0,0,2026-03-25 00:00:00.000,2026-01-15 00:00:00.000,18,2026-01-11 00:00:00.000,,
W90,"0189821",25,0,0,0,2026-04-14 00:00:00.000,2026-02-12 00:00:00.000,48,2026-01-11 00:00:00.000,,
W90,"0189819",24,0,0,0,2026-04-11 00:00:00.000,2025-05-10 00:00:00.000,72,2026-01-11 00:00:00.000,,
W90,"0189820",-1,0,0,0,2026-04-14 00:00:00.000,2026-01-15 00:00:00.000,66,2026-01-11 00:00:00.000,,
W90,"0189818",12,0,0,0,2026-04-11 00:00:00.000,2025-09-13 00:00:00.000,96,2026-01-11 00:00:00.000,,
W90,"0127352",96,0,0,0,2026-03-14 00:00:00.000,2025-02-12 00:00:00.000,102,2026-01-11 00:00:00.000,,
W90,"0189775",0,0,0,0,2025-05-16 00:00:00.000,2025-01-11 00:00:00.000,0,2026-01-11 00:00:00.000,,
W90,"0189709",54,0,0,0,2026-04-17 00:00:00.000,2026-03-19 00:00:00.000,24,2026-01-11 00:00:00.000,,
W90,"0189728",48,0,0,0,2026-03-14 00:00:00.000,2025-11-07 00:00:00.000,60,2026-01-11 00:00:00.000,,
W90,"0189712",264,0,0,0,2025-10-25 00:00:00.000,2025-02-12 00:00:00.000,264,2026-01-11 00:00:00.000,,
W90,"0189732",34,0,0,0,2026-01-11 00:00:00.000,2025-09-15 00:00:00.000,32,2026-01-11 00:00:00.000,,
W90,"0189729",12,0,0,0,2026-04-17 00:00:00.000,2026-03-19 00:00:00.000,24,2026-01-11 00:00:00.000,,
W90,"0189711",12,0,0,0,2025-10-25 00:00:00.000,2025-01-11 00:00:00.000,12,2026-01-11 00:00:00.000,,
W90,"0189730",34,0,0,0,2026-01-11 00:00:00.000,2025-09-15 00:00:00.000,0,2026-01-11 00:00:00.000,,
W90,"0189710",78,0,0,0,2026-04-17 00:00:00.000,2026-03-19 00:00:00.000,48,2026-01-11 00:00:00.000,,
W90,"0189782",180,0,0,0,2026-01-11 00:00:00.000,2025-01-11 00:00:00.000,192,2026-01-11 00:00:00.000,,
W90,"0189731",49,0,0,0,2026-04-11 00:00:00.000,2026-03-19 00:00:00.000,4,2026-01-11 00:00:00.000,,
W90,"0189713",24,0,0,0,2026-01-02 00:00:00.000,2024-12-16 00:00:00.000,24,2026-01-11 00:00:00.000,,
W90,"0189752",0,0,0,0,2026-04-14 00:00:00.000,2024-12-05 00:00:00.000,36,2026-01-11 00:00:00.000,,
W90,"0189783",144,0,0,0,2025-11-05 00:00:00.000,2025-01-11 00:00:00.000,144,2026-01-11 00:00:00.000,,
W90,"0189748",0,0,0,0,2025-10-06 00:00:00.000,2024-12-05 00:00:00.000,0,2026-01-11 00:00:00.000,,
W90,"0189750",0,0,0,0,2025-12-03 00:00:00.000,2024-12-05 00:00:00.000,0,2026-01-11 00:00:00.000,,
W90,"0189737",150,0,0,0,2026-03-31 00:00:00.000,2025-12-17 00:00:00.000,180,2026-01-11 00:00:00.000,,
W90,"0189784",180,0,0,0,2025-10-02 00:00:00.000,2025-01-11 00:00:00.000,180,2026-01-11 00:00:00.000,,
W90,"0189837",96,0,0,0,2026-03-26 00:00:00.000,2024-12-16 00:00:00.000,108,2026-01-11 00:00:00.000,,
W90,"0189842",96,0,0,0,2026-04-09 00:00:00.000,2026-03-11 00:00:00.000,72,2026-01-11 00:00:00.000,,
W90,"0189834",0,0,0,0,2026-01-12 00:00:00.000,2025-05-03 00:00:00.000,168,2026-01-11 00:00:00.000,,
W90,"0189839",0,0,0,0,2026-01-12 00:00:00.000,2024-12-16 00:00:00.000,108,2026-01-11 00:00:00.000,,
W90,"0189838",0,0,0,0,2026-03-26 00:00:00.000,2024-12-16 00:00:00.000,17,2026-01-11 00:00:00.000,,
W90,"0189841",0,0,0,0,2026-01-12 00:00:00.000,2024-12-16 00:00:00.000,108,2026-01-11 00:00:00.000,,
W90,"0189835",0,0,0,0,2026-01-12 00:00:00.000,2025-05-03 00:00:00.000,47,2026-01-11 00:00:00.000,,
W90,"0189833",0,0,0,0,2026-02-19 00:00:00.000,2024-12-05 00:00:00.000,48,2026-01-11 00:00:00.000,,
W90,"0189840",42,0,0,0,2025-10-18 00:00:00.000,2024-12-16 00:00:00.000,42,2026-01-11 00:00:00.000,,
W90,"0189836",0,0,0,0,2025-10-18 00:00:00.000,2024-12-16 00:00:00.000,0,2026-01-11 00:00:00.000,,
W90,"0149942",12,0,0,0,2026-01-11 00:00:00.000,2024-12-16 00:00:00.000,0,2026-01-11 00:00:00.000,,
W90,"0149939",12,0,0,0,2026-01-11 00:00:00.000,2024-12-16 00:00:00.000,0,2026-01-11 00:00:00.000,,
W90,"0149941",18,0,0,0,,2024-12-16 00:00:00.000,18,2026-01-11 00:00:00.000,,
W90,"0199486",20,0,0,0,2026-04-17 00:00:00.000,2025-09-15 00:00:00.000,40,2026-01-11 00:00:00.000,,
W90,"0204622",40,0,0,0,2026-03-10 00:00:00.000,2025-09-15 00:00:00.000,60,2026-01-11 00:00:00.000,,
W90,"0100368",0,0,0,0,2025-12-17 00:00:00.000,2025-09-15 00:00:00.000,0,2026-01-11 00:00:00.000,,
W90,"0097336",0,0,0,0,2025-11-12 00:00:00.000,2025-10-24 00:00:00.000,0,2026-01-11 00:00:00.000,,
W90,"0114649",40,0,0,0,2025-10-17 00:00:00.000,2025-09-15 00:00:00.000,40,2026-01-11 00:00:00.000,,
W90,"0097332",80,0,0,0,2025-11-24 00:00:00.000,2025-11-19 00:00:00.000,80,2026-01-11 00:00:00.000,,
W90,"0100367",100,0,0,0,2025-10-06 00:00:00.000,2025-10-24 00:00:00.000,100,2026-01-11 00:00:00.000,,
W90,"0097245",36,0,0,0,2026-03-30 00:00:00.000,2025-09-15 00:00:00.000,60,2026-01-11 00:00:00.000,,
W90,"0100369",160,0,0,0,,2025-11-21 00:00:00.000,160,2026-01-11 00:00:00.000,,
W90,"0105985",54,0,0,0,2026-03-02 00:00:00.000,2025-11-21 00:00:00.000,60,2026-01-11 00:00:00.000,,
W90,"0149271",70,0,0,0,2026-02-16 00:00:00.000,2026-01-26 00:00:00.000,0,2026-01-11 00:00:00.000,,
W90,"0135427",140,0,0,0,2026-03-19 00:00:00.000,2026-04-09 00:00:00.000,40,2026-01-11 00:00:00.000,,
W90,"0149264",240,0,0,0,2026-04-15 00:00:00.000,2026-04-17 00:00:00.000,312,2026-01-11 00:00:00.000,,
W90,"0135426",792,0,0,0,2026-02-27 00:00:00.000,2026-04-09 00:00:00.000,480,2026-01-11 00:00:00.000,,
W90,"0149265",558,0,0,0,2026-03-10 00:00:00.000,2026-04-09 00:00:00.000,180,2026-01-11 00:00:00.000,,
W90,"0149272",0,0,0,0,2026-01-26 00:00:00.000,2025-09-25 00:00:00.000,44,2026-01-11 00:00:00.000,,
W90,"0149269",48,0,0,0,2026-04-11 00:00:00.000,2026-01-26 00:00:00.000,84,2026-01-11 00:00:00.000,,
W90,"0149275",0,0,0,0,2025-12-05 00:00:00.000,2025-10-23 00:00:00.000,0,2026-01-11 00:00:00.000,,
W90,"0149274",0,0,0,0,2025-12-05 00:00:00.000,2025-10-23 00:00:00.000,0,2026-01-11 00:00:00.000,,
W90,"0081235",180,0,0,0,2026-04-13 00:00:00.000,2026-03-31 00:00:00.000,0,2026-01-11 00:00:00.000,,
W90,"0171216",0,0,0,0,2025-11-26 00:00:00.000,2025-10-07 00:00:00.000,0,2026-01-11 00:00:00.000,,
W90,"0135428",72,0,0,0,,2025-09-15 00:00:00.000,72,2026-01-11 00:00:00.000,,
W90,"0178838",60,0,0,0,2026-04-03 00:00:00.000,2026-02-16 00:00:00.000,96,2026-01-11 00:00:00.000,,
W90,"0171217",0,0,0,0,2025-12-08 00:00:00.000,2025-11-19 00:00:00.000,0,2026-01-11 00:00:00.000,,
W90,"0204621",0,0,0,0,2025-12-04 00:00:00.000,2025-11-19 00:00:00.000,0,2026-01-11 00:00:00.000,,
W90,"0100191",116,0,0,0,2026-04-07 00:00:00.000,2026-03-21 00:00:00.000,80,2026-01-11 00:00:00.000,,
W90,"0204626",72,0,0,0,,2025-09-15 00:00:00.000,72,2026-01-11 00:00:00.000,,
W90,"0171215",0,0,0,0,2025-12-13 00:00:00.000,2025-10-07 00:00:00.000,0,2026-01-11 00:00:00.000,,
W90,"0204624",720,0,0,0,,2025-09-15 00:00:00.000,720,2026-01-11 00:00:00.000,,
W90,"0204625",288,0,0,0,2025-10-25 00:00:00.000,2025-09-15 00:00:00.000,288,2026-01-11 00:00:00.000,,
W90,"0189743",108,0,0,0,2026-03-23 00:00:00.000,2025-09-15 00:00:00.000,120,2026-01-11 00:00:00.000,,
W90,"0056509",162,0,0,0,2026-03-25 00:00:00.000,2025-12-06 00:00:00.000,180,2026-01-11 00:00:00.000,,
W90,"0189779",162,0,0,0,2026-03-25 00:00:00.000,2025-12-06 00:00:00.000,180,2026-01-11 00:00:00.000,,
W90,"0189760",48,0,0,0,2025-10-25 00:00:00.000,2025-09-15 00:00:00.000,48,2026-01-11 00:00:00.000,,
W90,"0189744",48,0,0,0,2025-10-25 00:00:00.000,2025-09-15 00:00:00.000,48,2026-01-11 00:00:00.000,,
W90,"0189726",120,0,0,0,2025-12-17 00:00:00.000,2026-02-12 00:00:00.000,0,2026-01-11 00:00:00.000,,
W90,"0189766",48,0,0,0,2025-10-25 00:00:00.000,2025-09-15 00:00:00.000,48,2026-01-11 00:00:00.000,,
W90,"0189736",180,0,0,0,2026-04-17 00:00:00.000,2025-12-17 00:00:00.000,288,2026-01-11 00:00:00.000,,
W90,"0189762",12,0,0,0,2026-03-24 00:00:00.000,2025-09-15 00:00:00.000,24,2026-01-11 00:00:00.000,,
W90,"0189723",30,0,0,0,2026-02-14 00:00:00.000,2025-09-15 00:00:00.000,36,2026-01-11 00:00:00.000,,
W90,"0189725",18,0,0,0,2026-01-11 00:00:00.000,2025-09-15 00:00:00.000,0,2026-01-11 00:00:00.000,,
W90,"0189753",72,0,0,0,2026-04-03 00:00:00.000,2025-09-15 00:00:00.000,108,2026-01-11 00:00:00.000,,
W90,"0189727",36,0,0,0,2026-01-11 00:00:00.000,2025-09-15 00:00:00.000,0,2026-01-11 00:00:00.000,,
W90,"0189741",120,0,0,0,2025-11-21 00:00:00.000,2026-01-15 00:00:00.000,72,2026-01-11 00:00:00.000,,
W90,"0189757",72,0,0,0,2026-01-11 00:00:00.000,2025-09-15 00:00:00.000,0,2026-01-11 00:00:00.000,,
W90,"0189768",48,0,0,0,2025-10-25 00:00:00.000,2025-09-15 00:00:00.000,48,2026-01-11 00:00:00.000,,
W90,"0189758",69,0,0,0,2026-01-11 00:00:00.000,2025-09-15 00:00:00.000,0,2026-01-11 00:00:00.000,,
W90,"0189749",66,0,0,0,2026-04-03 00:00:00.000,2025-09-15 00:00:00.000,108,2026-01-11 00:00:00.000,,
W90,"0189751",108,0,0,0,,2025-09-15 00:00:00.000,108,2026-01-11 00:00:00.000,,
W90,"0189738",122,0,0,0,2026-03-26 00:00:00.000,2026-01-15 00:00:00.000,38,2026-01-11 00:00:00.000,,
W90,"0205522",60,0,0,0,2026-02-14 00:00:00.000,2026-01-15 00:00:00.000,18,2026-01-11 00:00:00.000,,
W90,"0189778",0,0,0,0,2025-12-09 00:00:00.000,2025-09-15 00:00:00.000,0,2026-01-11 00:00:00.000,,
W90,"0189724",36,0,0,0,,2025-09-15 00:00:00.000,36,2026-01-11 00:00:00.000,,
W90,"0046103",-336,0,0,0,2026-01-11 00:00:00.000,2024-07-23 00:00:00.000,0,2026-01-11 00:00:00.000,,
W90,"0178960",0,0,0,0,2024-11-14 00:00:00.000,2024-11-13 00:00:00.000,0,2026-01-11 00:00:00.000,,
W90,"0190797",80,0,0,0,2026-01-11 00:00:00.000,2025-01-04 00:00:00.000,79,2026-01-11 00:00:00.000,,
W90,"0190795",80,0,0,0,2025-01-06 00:00:00.000,2025-01-04 00:00:00.000,80,2026-01-11 00:00:00.000,,
W90,"0190796",66,0,0,0,2026-01-24 00:00:00.000,2024-11-26 00:00:00.000,90,2026-01-11 00:00:00.000,,
W90,"0190323",0,0,0,0,2025-12-31 00:00:00.000,2025-01-04 00:00:00.000,0,2026-01-11 00:00:00.000,,
W90,"0190324",0,0,0,0,2025-12-31 00:00:00.000,2025-01-04 00:00:00.000,0,2026-01-11 00:00:00.000,,
W90,"0120491",0,0,0,0,2025-09-18 00:00:00.000,2025-05-26 00:00:00.000,0,2026-01-11 00:00:00.000,,
W90,"0168322",20,0,0,0,2026-01-11 00:00:00.000,2025-06-06 00:00:00.000,0,2026-01-11 00:00:00.000,,
W90,"0202898",120,0,0,0,2026-04-17 00:00:00.000,2026-03-25 00:00:00.000,144,2026-01-11 00:00:00.000,,
W90,"0197166",0,0,0,0,2025-11-07 00:00:00.000,2025-10-17 00:00:00.000,0,2026-01-11 00:00:00.000,,
W90,"0203688",230,0,0,0,2026-01-11 00:00:00.000,2025-10-22 00:00:00.000,245,2026-01-11 00:00:00.000,,
W90,"0203690",5,0,0,0,2026-01-11 00:00:00.000,2025-10-01 00:00:00.000,0,2026-01-11 00:00:00.000,,
W90,"0203689",180,0,0,0,2026-01-11 00:00:00.000,2025-10-08 00:00:00.000,175,2026-01-11 00:00:00.000,,
W90,"0211061",3420,0,0,0,2026-04-15 00:00:00.000,2026-04-17 00:00:00.000,1800,2026-01-11 00:00:00.000,,
W90,"0149597",0,0,0,0,2025-06-26 00:00:00.000,2025-03-25 00:00:00.000,0,2026-01-11 00:00:00.000,,
W90,"0121085",0,0,0,0,2025-05-31 00:00:00.000,2024-07-24 00:00:00.000,0,2026-01-11 00:00:00.000,,
W90,"0115560",0,0,0,0,2025-05-27 00:00:00.000,2025-03-08 00:00:00.000,0,2026-01-11 00:00:00.000,,
W90,"0182514",0,0,0,0,2025-05-08 00:00:00.000,2025-03-08 00:00:00.000,0,2026-01-11 00:00:00.000,,
W90,"0182515",0,0,0,0,2025-07-05 00:00:00.000,2025-03-08 00:00:00.000,0,2026-01-11 00:00:00.000,,
W90,"0112200",0,0,0,0,2025-01-04 00:00:00.000,2024-07-24 00:00:00.000,0,2026-01-11 00:00:00.000,,
W90,"0182516",0,0,0,0,2025-01-05 00:00:00.000,2024-07-24 00:00:00.000,0,2026-01-11 00:00:00.000,,
W90,"0182502",0,0,0,0,2024-09-17 00:00:00.000,2024-07-24 00:00:00.000,0,2026-01-11 00:00:00.000,,
W90,"0182503",0,0,0,0,2025-10-11 00:00:00.000,2024-07-24 00:00:00.000,0,2026-01-11 00:00:00.000,,
W90,"0182504",-16,0,0,0,2026-03-11 00:00:00.000,2024-07-24 00:00:00.000,26,2026-01-11 00:00:00.000,,
W90,"0182505",0,0,0,0,2026-01-08 00:00:00.000,2024-07-24 00:00:00.000,0,2026-01-11 00:00:00.000,,
W90,"0182506",6,0,0,0,2026-01-11 00:00:00.000,2024-07-24 00:00:00.000,0,2026-01-11 00:00:00.000,,
W90,"0182507",0,0,0,0,2026-01-11 00:00:00.000,2024-07-24 00:00:00.000,6,2026-01-11 00:00:00.000,,
W90,"0089907",48,0,0,0,2026-04-11 00:00:00.000,2026-04-03 00:00:00.000,0,2026-01-11 00:00:00.000,,
W90,"0089905",0,0,0,0,2025-10-29 00:00:00.000,2025-09-05 00:00:00.000,0,2026-01-11 00:00:00.000,,
W90,"0095647",0,0,0,0,2024-12-13 00:00:00.000,2024-07-24 00:00:00.000,0,2026-01-11 00:00:00.000,,
W90,"0182508",48,0,0,0,2024-09-23 00:00:00.000,2024-07-24 00:00:00.000,48,2026-01-11 00:00:00.000,,
W90,"0101053",28,0,0,0,2026-04-08 00:00:00.000,2024-07-24 00:00:00.000,56,2026-01-11 00:00:00.000,,
W90,"0105355",117,0,0,0,2025-02-07 00:00:00.000,2024-07-24 00:00:00.000,117,2026-01-11 00:00:00.000,,
W90,"0171161",112,0,0,0,2024-12-14 00:00:00.000,2024-07-24 00:00:00.000,112,2026-01-11 00:00:00.000,,
W90,"0182509",18,0,0,0,2026-02-10 00:00:00.000,2024-07-24 00:00:00.000,36,2026-01-11 00:00:00.000,,
W90,"0182510",6,0,0,0,2026-01-11 00:00:00.000,2024-07-24 00:00:00.000,0,2026-01-11 00:00:00.000,,
W90,"0182511",24,0,0,0,2025-08-01 00:00:00.000,2024-07-24 00:00:00.000,24,2026-01-11 00:00:00.000,,
W90,"0182512",0,0,0,0,2025-09-09 00:00:00.000,2024-07-24 00:00:00.000,0,2026-01-11 00:00:00.000,,
W90,"0182513",0,0,0,0,2024-09-17 00:00:00.000,2024-07-24 00:00:00.000,0,2026-01-11 00:00:00.000,,
W90,"0089904",768,0,0,0,2026-04-17 00:00:00.000,2026-04-09 00:00:00.000,0,2026-01-11 00:00:00.000,,
W90,"0135296",0,0,0,0,2024-10-18 00:00:00.000,2024-07-24 00:00:00.000,0,2026-01-11 00:00:00.000,,
W90,"0132207",0,0,0,0,2025-05-24 00:00:00.000,2024-07-24 00:00:00.000,0,2026-01-11 00:00:00.000,,
W90,"0129192",0,0,0,0,2025-06-03 00:00:00.000,2025-03-08 00:00:00.000,0,2026-01-11 00:00:00.000,,
W90,"0205263",9700,0,0,0,2026-04-08 00:00:00.000,2026-04-17 00:00:00.000,3100,2026-01-11 00:00:00.000,,
W90,"0113872",0,0,0,0,2025-07-21 00:00:00.000,2025-03-08 00:00:00.000,0,2026-01-11 00:00:00.000,,
W90,"0111387",0,0,0,0,2025-12-06 00:00:00.000,2024-07-24 00:00:00.000,0,2026-01-11 00:00:00.000,,
W90,"0123722",0,0,0,0,2025-07-22 00:00:00.000,2025-03-08 00:00:00.000,0,2026-01-11 00:00:00.000,,
W90,"0132468",2750,0,0,0,2026-02-12 00:00:00.000,2025-05-21 00:00:00.000,2700,2026-01-11 00:00:00.000,,
W90,"0146409",2300,0,0,0,2026-01-16 00:00:00.000,2025-05-21 00:00:00.000,2500,2026-01-11 00:00:00.000,,
W90,"0146410",150,0,0,0,2026-03-06 00:00:00.000,2025-05-21 00:00:00.000,650,2026-01-11 00:00:00.000,,
W90,"0172640",0,0,0,0,2026-01-16 00:00:00.000,2024-07-24 00:00:00.000,50,2026-01-11 00:00:00.000,,
W90,"0033621",63,0,0,0,2026-03-20 00:00:00.000,2025-02-03 00:00:00.000,72,2026-01-11 00:00:00.000,,
W90,"0033620",60,0,0,0,2026-03-03 00:00:00.000,2024-07-24 00:00:00.000,84,2026-01-11 00:00:00.000,,
W90,"0181426",0,0,0,0,2024-09-17 00:00:00.000,2024-07-24 00:00:00.000,0,2026-01-11 00:00:00.000,,
W90,"0111913",0,0,0,0,2025-02-10 00:00:00.000,2024-07-24 00:00:00.000,0,2026-01-11 00:00:00.000,,
W90,"0143320",96,0,0,0,2025-12-22 00:00:00.000,2024-07-24 00:00:00.000,96,2026-01-11 00:00:00.000,,
W90,"0143318",96,0,0,0,2025-11-07 00:00:00.000,2024-07-24 00:00:00.000,96,2026-01-11 00:00:00.000,,
W90,"0097291",96,0,0,0,2026-04-14 00:00:00.000,2025-12-05 00:00:00.000,160,2026-01-11 00:00:00.000,,
W90,"0100178",0,0,0,0,2026-03-09 00:00:00.000,2024-07-24 00:00:00.000,10,2026-01-11 00:00:00.000,,
W90,"0097415",50,0,0,0,2025-05-05 00:00:00.000,2025-05-06 00:00:00.000,50,2026-01-11 00:00:00.000,,
W90,"0143324",132,0,0,0,2025-12-21 00:00:00.000,2024-07-24 00:00:00.000,132,2026-01-11 00:00:00.000,,
W90,"0143323",120,0,0,0,2026-02-18 00:00:00.000,2024-09-30 00:00:00.000,132,2026-01-11 00:00:00.000,,
W90,"0143339",84,0,0,0,2026-04-09 00:00:00.000,2026-03-27 00:00:00.000,96,2026-01-11 00:00:00.000,,
W90,"0143325",156,0,0,0,2026-01-11 00:00:00.000,2024-07-24 00:00:00.000,144,2026-01-11 00:00:00.000,,
W90,"0110879",104,0,0,0,2026-03-14 00:00:00.000,2026-04-17 00:00:00.000,88,2026-01-11 00:00:00.000,,
W90,"0110881",96,0,0,0,2025-05-05 00:00:00.000,2025-10-07 00:00:00.000,96,2026-01-11 00:00:00.000,,
W90,"0108139",8,0,0,0,2026-02-19 00:00:00.000,2026-04-14 00:00:00.000,0,2026-01-11 00:00:00.000,,
W90,"0119452",0,0,0,0,2025-07-15 00:00:00.000,2025-02-06 00:00:00.000,0,2026-01-11 00:00:00.000,,
W90,"0143319",108,0,0,0,2026-03-11 00:00:00.000,2024-09-30 00:00:00.000,120,2026-01-11 00:00:00.000,,
W90,"0097288",96,0,0,0,2026-03-19 00:00:00.000,2025-07-09 00:00:00.000,120,2026-01-11 00:00:00.000,,
W90,"0143340",64,0,0,0,2026-04-13 00:00:00.000,2026-04-17 00:00:00.000,40,2026-01-11 00:00:00.000,,
W90,"0097287",78,0,0,0,2026-04-08 00:00:00.000,2026-03-11 00:00:00.000,96,2026-01-11 00:00:00.000,,
W90,"0143321",84,0,0,0,2026-01-11 00:00:00.000,2024-07-24 00:00:00.000,96,2026-01-11 00:00:00.000,,
W90,"0165941",52,0,0,0,2026-03-10 00:00:00.000,2026-01-15 00:00:00.000,24,2026-01-11 00:00:00.000,,
W90,"0089986",52,0,0,0,2026-04-13 00:00:00.000,2026-04-09 00:00:00.000,12,2026-01-11 00:00:00.000,,
W90,"0182517",0,0,0,0,2025-02-05 00:00:00.000,2024-07-24 00:00:00.000,0,2026-01-11 00:00:00.000,,
W90,"0167732",0,0,0,0,2026-03-21 00:00:00.000,2025-07-11 00:00:00.000,240,2026-01-11 00:00:00.000,,
W90,"0048452",0,0,0,0,2025-10-30 00:00:00.000,2024-07-24 00:00:00.000,0,2026-01-11 00:00:00.000,,
W90,"0113846",0,0,0,0,2024-09-27 00:00:00.000,2024-09-27 00:00:00.000,0,2026-01-11 00:00:00.000,,
W90,"0051793",0,0,0,0,2024-10-03 00:00:00.000,2024-10-03 00:00:00.000,0,2026-01-11 00:00:00.000,,
W90,"0099279",0,0,0,0,2024-10-05 00:00:00.000,2024-10-05 00:00:00.000,0,2026-01-11 00:00:00.000,,
W90,"0136673",0,0,0,0,2024-09-02 00:00:00.000,2024-09-02 00:00:00.000,0,2026-01-11 00:00:00.000,,
W90,"0116600",0,0,0,0,2024-09-26 00:00:00.000,,0,2026-01-11 00:00:00.000,,
W90,"0033640",0,0,0,0,2024-10-28 00:00:00.000,2024-09-07 00:00:00.000,0,2026-01-11 00:00:00.000,,
W90,"0183534",0,0,0,0,2025-08-02 00:00:00.000,2025-04-10 00:00:00.000,0,2026-01-11 00:00:00.000,,
W90,"0003069",48,0,0,0,2025-12-16 00:00:00.000,2025-12-18 00:00:00.000,48,2026-01-11 00:00:00.000,,
W90,"0030229",60,0,0,0,,2024-12-10 00:00:00.000,60,2026-01-11 00:00:00.000,,
W90,"0003139",60,0,0,0,,2024-12-10 00:00:00.000,60,2026-01-11 00:00:00.000,,
W90,"0089655",0,0,0,0,2025-01-03 00:00:00.000,,0,2026-01-11 00:00:00.000,,
W90,"0183053",1152,0,0,0,2026-04-02 00:00:00.000,2025-10-18 00:00:00.000,1200,2026-01-11 00:00:00.000,,
W90,"0199072",0,0,0,0,2025-05-07 00:00:00.000,2025-03-19 00:00:00.000,0,2026-01-11 00:00:00.000,,
W90,"0199070",12,0,0,0,2026-03-11 00:00:00.000,2025-03-19 00:00:00.000,20,2026-01-11 00:00:00.000,,
W90,"0199071",0,0,0,0,2026-01-21 00:00:00.000,2025-03-19 00:00:00.000,4,2026-01-11 00:00:00.000,,
W90,"0199069",0,0,0,0,2025-08-19 00:00:00.000,2025-03-19 00:00:00.000,0,2026-01-11 00:00:00.000,,
W90,"0190595",256,0,0,0,2026-04-11 00:00:00.000,2026-04-09 00:00:00.000,0,2026-01-11 00:00:00.000,,
W90,"0190582",156,0,0,0,2026-04-13 00:00:00.000,2026-04-09 00:00:00.000,0,2026-01-11 00:00:00.000,,
W90,"0190597",0,0,0,0,2026-01-02 00:00:00.000,2025-10-07 00:00:00.000,0,2026-01-11 00:00:00.000,,
W90,"0190581",132,0,0,0,2026-04-11 00:00:00.000,2026-04-09 00:00:00.000,0,2026-01-11 00:00:00.000,,
W90,"0190603",0,0,0,0,2026-02-22 00:00:00.000,2025-10-07 00:00:00.000,16,2026-01-11 00:00:00.000,,
W90,"0190586",0,0,0,0,2025-10-17 00:00:00.000,2025-10-07 00:00:00.000,0,2026-01-11 00:00:00.000,,
W90,"0163330",-648,0,0,0,2026-04-18 00:00:00.000,2026-04-09 00:00:00.000,672,2026-01-11 00:00:00.000,,
W90,"0113250",46,0,0,0,2026-04-02 00:00:00.000,2026-02-16 00:00:00.000,36,2026-01-11 00:00:00.000,,
W90,"0011653",0,0,0,0,2024-07-29 00:00:00.000,2024-07-22 00:00:00.000,0,2026-01-11 00:00:00.000,,
W90,"0178235",222,0,0,0,2026-04-11 00:00:00.000,2026-04-13 00:00:00.000,18,2026-01-11 00:00:00.000,,
W90,"0003106",1024,0,0,0,2026-01-11 00:00:00.000,2025-12-29 00:00:00.000,880,2026-01-11 00:00:00.000,,
W90,"0003104",268,0,0,0,2026-01-31 00:00:00.000,2026-01-31 00:00:00.000,275,2026-01-11 00:00:00.000,,
W90,"0075306",320,0,0,0,2026-01-11 00:00:00.000,2025-12-29 00:00:00.000,296,2026-01-11 00:00:00.000,,
W90,"0179797",0,0,0,0,2025-10-15 00:00:00.000,2025-05-06 00:00:00.000,0,2026-01-11 00:00:00.000,,
W90,"0137949",12,0,0,0,2026-03-03 00:00:00.000,2026-03-02 00:00:00.000,0,2026-01-11 00:00:00.000,,
W90,"0097212",192,0,0,0,2026-04-17 00:00:00.000,2025-11-21 00:00:00.000,216,2026-01-11 00:00:00.000,,
W90,"0100366",0,0,0,0,2024-10-19 00:00:00.000,2024-07-24 00:00:00.000,0,2026-01-11 00:00:00.000,,
W90,"0108145",0,0,0,0,2025-04-22 00:00:00.000,2024-07-21 00:00:00.000,0,2026-01-11 00:00:00.000,,
W90,"0106277",60,0,0,0,2025-07-29 00:00:00.000,2026-04-14 00:00:00.000,0,2026-01-11 00:00:00.000,,
W90,"0101341",0,0,0,0,2024-10-19 00:00:00.000,2024-07-20 00:00:00.000,0,2026-01-11 00:00:00.000,,
W90,"0097207",0,0,0,0,2025-05-31 00:00:00.000,2025-02-14 00:00:00.000,0,2026-01-11 00:00:00.000,,
W90,"0135429",78,0,0,0,2025-05-31 00:00:00.000,2024-07-20 00:00:00.000,78,2026-01-11 00:00:00.000,,
W90,"0097215",178,0,0,0,2026-03-10 00:00:00.000,2026-01-26 00:00:00.000,144,2026-01-11 00:00:00.000,,
W90,"0119453",360,0,0,0,2026-01-30 00:00:00.000,2025-05-06 00:00:00.000,384,2026-01-11 00:00:00.000,,
W90,"0143300",114,0,0,0,2025-02-27 00:00:00.000,2024-07-20 00:00:00.000,114,2026-01-11 00:00:00.000,,
W90,"0097206",156,0,0,0,2026-04-02 00:00:00.000,2024-07-20 00:00:00.000,240,2026-01-11 00:00:00.000,,
W90,"0136000",348,0,0,0,2026-04-08 00:00:00.000,2026-04-09 00:00:00.000,276,2026-01-11 00:00:00.000,,
W90,"0120501",384,0,0,0,2026-04-16 00:00:00.000,2026-04-17 00:00:00.000,276,2026-01-11 00:00:00.000,,
W90,"0033005",456,0,0,0,2026-04-17 00:00:00.000,2026-03-23 00:00:00.000,0,2026-01-11 00:00:00.000,,
W90,"0144348",0,0,0,0,,2024-07-17 00:00:00.000,0,2026-01-11 00:00:00.000,,
W90,"0176211",0,0,0,0,2024-12-19 00:00:00.000,2024-12-16 00:00:00.000,0,2026-01-11 00:00:00.000,,
W90,"0171821",0,0,0,0,2025-11-12 00:00:00.000,2025-11-04 00:00:00.000,0,2026-01-11 00:00:00.000,,
W90,"0171822",0,0,0,0,2025-10-18 00:00:00.000,2025-10-04 00:00:00.000,0,2026-01-11 00:00:00.000,,
W90,"0171820",0,0,0,0,2025-10-22 00:00:00.000,2025-10-17 00:00:00.000,0,2026-01-11 00:00:00.000,,
W90,"0171825",0,0,0,0,2025-08-01 00:00:00.000,2024-12-12 00:00:00.000,0,2026-01-11 00:00:00.000,,
W90,"0171827",0,0,0,0,2024-12-06 00:00:00.000,2024-07-23 00:00:00.000,0,2026-01-11 00:00:00.000,,
W90,"0120499",324,0,0,0,2026-04-08 00:00:00.000,2026-04-09 00:00:00.000,300,2026-01-11 00:00:00.000,,
W90,"0171819",0,0,0,0,2025-10-18 00:00:00.000,2025-10-17 00:00:00.000,0,2026-01-11 00:00:00.000,,
W90,"0171817",0,0,0,0,2025-10-23 00:00:00.000,2025-09-27 00:00:00.000,0,2026-01-11 00:00:00.000,,
W90,"0178896",240,0,0,0,2026-04-06 00:00:00.000,2026-02-25 00:00:00.000,168,2026-01-11 00:00:00.000,,
W90,"0132062",96,0,0,0,2026-04-03 00:00:00.000,2026-04-17 00:00:00.000,0,2026-01-11 00:00:00.000,,
W90,"0113247",0,0,0,0,2024-08-05 00:00:00.000,2024-07-22 00:00:00.000,0,2026-01-11 00:00:00.000,,
W90,"0100188",48,0,0,0,2026-04-07 00:00:00.000,2026-02-13 00:00:00.000,80,2026-01-11 00:00:00.000,,
W90,"0108144",0,0,0,0,2025-04-12 00:00:00.000,2025-04-02 00:00:00.000,0,2026-01-11 00:00:00.000,,
W90,"0122534",0,0,0,0,2025-02-04 00:00:00.000,2024-09-30 00:00:00.000,0,2026-01-11 00:00:00.000,,
W90,"0113251",80,0,0,0,2026-04-08 00:00:00.000,2026-04-14 00:00:00.000,18,2026-01-11 00:00:00.000,,
W90,"0097278",4,0,0,0,2026-02-21 00:00:00.000,2024-08-17 00:00:00.000,8,2026-01-11 00:00:00.000,,
W90,"0097279",0,0,0,0,2026-01-08 00:00:00.000,2024-08-17 00:00:00.000,0,2026-01-11 00:00:00.000,,
W90,"0097277",16,0,0,0,2026-02-21 00:00:00.000,2024-08-17 00:00:00.000,32,2026-01-11 00:00:00.000,,
W90,"0097276",0,0,0,0,2026-02-21 00:00:00.000,2024-08-03 00:00:00.000,16,2026-01-11 00:00:00.000,,
W90,"0113248",48,0,0,0,2026-04-02 00:00:00.000,2025-10-07 00:00:00.000,48,2026-01-11 00:00:00.000,,
W90,"0097293",18,0,0,0,2026-04-06 00:00:00.000,2026-04-07 00:00:00.000,0,2026-01-11 00:00:00.000,,
W90,"0100181",40,0,0,0,2026-04-17 00:00:00.000,2026-04-14 00:00:00.000,0,2026-01-11 00:00:00.000,,
W90,"0100251",24,0,0,0,2026-04-13 00:00:00.000,2026-02-16 00:00:00.000,0,2026-01-11 00:00:00.000,,
W90,"0178897",0,0,0,0,2026-03-02 00:00:00.000,2026-02-21 00:00:00.000,28,2026-01-11 00:00:00.000,,
W90,"0098438",0,0,0,0,2024-12-30 00:00:00.000,2024-08-10 00:00:00.000,0,2026-01-11 00:00:00.000,,
W90,"0100217",96,0,0,0,2026-04-02 00:00:00.000,2026-03-21 00:00:00.000,0,2026-01-11 00:00:00.000,,
W90,"0097286",132,0,0,0,2026-04-08 00:00:00.000,2025-05-06 00:00:00.000,144,2026-01-11 00:00:00.000,,
W90,"0100246",61,0,0,0,2026-01-11 00:00:00.000,2026-02-16 00:00:00.000,0,2026-01-11 00:00:00.000,,
W90,"0155125",72,0,0,0,2026-01-20 00:00:00.000,2026-01-08 00:00:00.000,145,2026-01-11 00:00:00.000,,
W90,"0159443",2458,0,0,0,2026-04-17 00:00:00.000,2026-04-17 00:00:00.000,345,2026-01-11 00:00:00.000,,
W90,"0179581",756,0,0,0,2026-04-17 00:00:00.000,2026-04-17 00:00:00.000,289,2026-01-11 00:00:00.000,,
W90,"0155126",360,0,0,0,2025-12-14 00:00:00.000,2026-01-08 00:00:00.000,360,2026-01-11 00:00:00.000,,
W90,"0156553",0,0,0,0,2025-12-14 00:00:00.000,2025-02-05 00:00:00.000,0,2026-01-11 00:00:00.000,,
W90,"0159444",1560,0,0,0,2026-04-17 00:00:00.000,2026-04-17 00:00:00.000,719,2026-01-11 00:00:00.000,,
W90,"0084185",0,0,0,0,2025-02-15 00:00:00.000,2024-09-21 00:00:00.000,0,2026-01-11 00:00:00.000,,
W90,"0046997",270,0,0,0,2026-04-17 00:00:00.000,2026-04-16 00:00:00.000,480,2026-01-11 00:00:00.000,,
W90,"0077858",19,0,0,0,2026-04-17 00:00:00.000,2026-04-17 00:00:00.000,0,2026-01-11 00:00:00.000,,
W90,"0053531",1150,0,0,0,2026-04-17 00:00:00.000,2026-04-17 00:00:00.000,1375,2026-01-11 00:00:00.000,,
W90,"0033639",325,0,0,0,2026-04-17 00:00:00.000,2026-04-15 00:00:00.000,325,2026-01-11 00:00:00.000,,
W90,"0053532",25,0,0,0,2026-04-11 00:00:00.000,2026-03-28 00:00:00.000,75,2026-01-11 00:00:00.000,,
W90,"0145425",0,0,0,0,2025-09-20 00:00:00.000,2024-07-23 00:00:00.000,0,2026-01-11 00:00:00.000,,
W90,"0046106",0,0,0,0,2025-12-08 00:00:00.000,2024-07-23 00:00:00.000,0,2026-01-11 00:00:00.000,,
W90,"0046104",0,0,0,0,2026-03-21 00:00:00.000,2025-07-12 00:00:00.000,54,2026-01-11 00:00:00.000,,
W90,"0048451",0,0,0,0,2025-07-16 00:00:00.000,2024-07-24 00:00:00.000,0,2026-01-11 00:00:00.000,,
W90,"0126586",30,0,0,0,2026-04-15 00:00:00.000,2024-07-24 00:00:00.000,54,2026-01-11 00:00:00.000,,
W90,"0126707",30,0,0,0,2026-04-08 00:00:00.000,2024-07-24 00:00:00.000,48,2026-01-11 00:00:00.000,,
W90,"0167017",0,0,0,0,2024-11-08 00:00:00.000,2024-10-18 00:00:00.000,0,2026-01-11 00:00:00.000,,
W90,"0167025",0,0,0,0,2025-12-24 00:00:00.000,2025-06-18 00:00:00.000,0,2026-01-11 00:00:00.000,,
W90,"0156404",0,0,0,0,2024-12-10 00:00:00.000,2024-10-12 00:00:00.000,0,2026-01-11 00:00:00.000,,
W90,"0156402",0,0,0,0,2026-01-12 00:00:00.000,2025-05-27 00:00:00.000,20,2026-01-11 00:00:00.000,,
W90,"0156405",0,0,0,0,2024-12-10 00:00:00.000,2024-08-03 00:00:00.000,0,2026-01-11 00:00:00.000,,
W90,"0156401",0,0,0,0,2026-01-17 00:00:00.000,2025-12-02 00:00:00.000,0,2026-01-11 00:00:00.000,,
W90,"0156407",0,0,0,0,2025-11-24 00:00:00.000,2025-07-24 00:00:00.000,0,2026-01-11 00:00:00.000,,
W90,"0169989",0,0,0,0,2025-11-17 00:00:00.000,2025-10-24 00:00:00.000,0,2026-01-11 00:00:00.000,,
W90,"0156403",0,0,0,0,2026-02-01 00:00:00.000,2025-06-06 00:00:00.000,20,2026-01-11 00:00:00.000,,
W90,"0156399",0,0,0,0,2025-12-21 00:00:00.000,2025-11-11 00:00:00.000,0,2026-01-11 00:00:00.000,,
W90,"0019919",0,0,0,0,2025-12-28 00:00:00.000,2025-10-05 00:00:00.000,0,2026-01-11 00:00:00.000,,
W90,"0156400",144,0,0,0,2026-01-28 00:00:00.000,2025-11-11 00:00:00.000,288,2026-01-11 00:00:00.000,,
W90,"0156408",0,0,0,0,2024-12-11 00:00:00.000,2024-12-05 00:00:00.000,0,2026-01-11 00:00:00.000,,
W90,"0153125",0,0,0,0,2025-02-20 00:00:00.000,2024-08-01 00:00:00.000,0,2026-01-11 00:00:00.000,,
W90,"0086089",0,0,0,0,2024-09-16 00:00:00.000,2024-09-16 00:00:00.000,0,2026-01-11 00:00:00.000,,
W90,"0135612",0,0,0,0,2024-10-11 00:00:00.000,2024-10-01 00:00:00.000,0,2026-01-11 00:00:00.000,,
W90,"0113850",0,0,0,0,2024-09-24 00:00:00.000,2024-09-24 00:00:00.000,0,2026-01-11 00:00:00.000,,
W90,"0133549",0,0,0,0,2024-09-27 00:00:00.000,2024-09-27 00:00:00.000,0,2026-01-11 00:00:00.000,,
W90,"0023720",0,0,0,0,2024-09-19 00:00:00.000,2024-09-19 00:00:00.000,0,2026-01-11 00:00:00.000,,
W90,"0158276",0,0,0,0,2024-10-05 00:00:00.000,2024-10-05 00:00:00.000,0,2026-01-11 00:00:00.000,,
W90,"0055792",36,0,0,0,2026-04-06 00:00:00.000,2025-11-12 00:00:00.000,228,2026-01-11 00:00:00.000,,
W90,"0111911",0,0,0,0,2024-09-14 00:00:00.000,,0,2026-01-11 00:00:00.000,,
W90,"0185057",48,0,0,0,2026-04-02 00:00:00.000,2025-03-19 00:00:00.000,72,2026-01-11 00:00:00.000,,
W90,"0185058",0,0,0,0,2025-06-06 00:00:00.000,2025-03-19 00:00:00.000,0,2026-01-11 00:00:00.000,,
W90,"0185055",24,0,0,0,2026-04-08 00:00:00.000,2025-03-19 00:00:00.000,60,2026-01-11 00:00:00.000,,
W90,"0185759",0,0,0,0,2024-10-05 00:00:00.000,2024-10-05 00:00:00.000,0,2026-01-11 00:00:00.000,,
W90,"0185053",0,0,0,0,2024-09-27 00:00:00.000,2024-09-27 00:00:00.000,0,2026-01-11 00:00:00.000,,
W90,"0179379",0,0,0,0,2024-10-22 00:00:00.000,2024-09-28 00:00:00.000,0,2026-01-11 00:00:00.000,,
W90,"0185761",0,0,0,0,2024-10-05 00:00:00.000,2024-10-05 00:00:00.000,0,2026-01-11 00:00:00.000,,
W90,"0116471",0,0,0,0,2024-10-03 00:00:00.000,2024-10-03 00:00:00.000,0,2026-01-11 00:00:00.000,,
W90,"0186126",0,0,0,0,2024-09-29 00:00:00.000,2024-09-28 00:00:00.000,0,2026-01-11 00:00:00.000,,
W90,"0077857",0,0,0,0,2026-03-14 00:00:00.000,2026-03-09 00:00:00.000,4,2026-01-11 00:00:00.000,,
W90,"0149277",204,0,0,0,2026-04-17 00:00:00.000,2026-04-17 00:00:00.000,0,2026-01-11 00:00:00.000,,
W90,"0149278",0,0,0,0,2026-04-16 00:00:00.000,2026-04-17 00:00:00.000,0,2026-01-11 00:00:00.000,,
W90,"0149279",0,0,0,0,2026-04-17 00:00:00.000,2026-04-17 00:00:00.000,0,2026-01-11 00:00:00.000,,
W90,"0081236",252,0,0,0,2026-04-13 00:00:00.000,2026-04-17 00:00:00.000,24,2026-01-11 00:00:00.000,,
W90,"0012658",0,0,0,0,2025-01-02 00:00:00.000,2025-01-02 00:00:00.000,0,2026-01-11 00:00:00.000,,
W90,"0144568",0,0,0,0,2025-01-02 00:00:00.000,2025-01-02 00:00:00.000,0,2026-01-11 00:00:00.000,,
W90,"0053529",0,0,0,0,2026-04-16 00:00:00.000,2026-04-15 00:00:00.000,1000,2026-01-11 00:00:00.000,,
W90,"0189824",0,0,0,0,2025-08-08 00:00:00.000,2025-03-22 00:00:00.000,0,2026-01-11 00:00:00.000,,
W90,"0189764",3,0,0,0,2026-01-11 00:00:00.000,2025-01-11 00:00:00.000,0,2026-01-11 00:00:00.000,,
W90,"0189770",0,0,0,0,2025-07-18 00:00:00.000,2025-01-11 00:00:00.000,0,2026-01-11 00:00:00.000,,
W90,"0189772",0,0,0,0,2025-01-22 00:00:00.000,2025-01-11 00:00:00.000,0,2026-01-11 00:00:00.000,,
W90,"0189822",0,0,0,0,2026-02-26 00:00:00.000,2025-09-13 00:00:00.000,60,2026-01-11 00:00:00.000,,
W90,"0064706",0,0,0,0,2025-05-13 00:00:00.000,2025-05-13 00:00:00.000,0,2026-01-11 00:00:00.000,,
W90,"0082302",0,0,0,0,2025-10-25 00:00:00.000,2025-03-04 00:00:00.000,0,2026-01-11 00:00:00.000,,
W90,"0030616",0,0,0,0,2025-10-20 00:00:00.000,2025-03-07 00:00:00.000,0,2026-01-11 00:00:00.000,,
W90,"0112977",0,0,0,0,2026-03-12 00:00:00.000,2025-08-10 00:00:00.000,8,2026-01-11 00:00:00.000,,
W90,"0111223",0,0,0,0,2026-03-14 00:00:00.000,2025-08-10 00:00:00.000,16,2026-01-11 00:00:00.000,,
W90,"0111222",0,0,0,0,2025-10-24 00:00:00.000,2025-08-10 00:00:00.000,0,2026-01-11 00:00:00.000,,
W90,"0143670",60,0,0,0,2026-03-31 00:00:00.000,2025-04-14 00:00:00.000,108,2026-01-11 00:00:00.000,,
W90,"0111221",120,0,0,0,2026-03-23 00:00:00.000,2025-08-10 00:00:00.000,168,2026-01-11 00:00:00.000,,
W90,"0097235",0,0,0,0,2025-03-20 00:00:00.000,2025-03-18 00:00:00.000,0,2026-01-11 00:00:00.000,,
W90,"0097310",0,0,0,0,2026-01-03 00:00:00.000,2025-04-26 00:00:00.000,0,2026-01-11 00:00:00.000,,
W90,"0076767",192,0,0,0,2025-05-05 00:00:00.000,2025-05-06 00:00:00.000,192,2026-01-11 00:00:00.000,,
W90,"0097347",72,0,0,0,2026-02-15 00:00:00.000,2025-05-06 00:00:00.000,96,2026-01-11 00:00:00.000,,
W90,"0154386",125,0,0,0,2025-05-05 00:00:00.000,2025-05-06 00:00:00.000,125,2026-01-11 00:00:00.000,,
W90,"0100244",216,0,0,0,2026-03-09 00:00:00.000,2026-04-14 00:00:00.000,216,2026-01-11 00:00:00.000,,
W90,"0089987",23,0,0,0,2026-02-24 00:00:00.000,2025-12-27 00:00:00.000,27,2026-01-11 00:00:00.000,,
W90,"0191627",56,0,0,0,2026-04-09 00:00:00.000,2026-04-14 00:00:00.000,0,2026-01-11 00:00:00.000,,
W90,"0191626",24,0,0,0,2026-04-11 00:00:00.000,2026-03-11 00:00:00.000,0,2026-01-11 00:00:00.000,,
W90,"0120490",324,0,0,0,2026-04-11 00:00:00.000,2026-04-17 00:00:00.000,252,2026-01-11 00:00:00.000,,
W90,"0120495",132,0,0,0,2026-04-11 00:00:00.000,2025-12-24 00:00:00.000,276,2026-01-11 00:00:00.000,,
W90,"0097233",15,0,0,0,2025-05-05 00:00:00.000,2025-05-06 00:00:00.000,15,2026-01-11 00:00:00.000,,
W90,"0120492",180,0,0,0,2026-04-11 00:00:00.000,2025-12-24 00:00:00.000,228,2026-01-11 00:00:00.000,,
W90,"0120494",108,0,0,0,2026-04-11 00:00:00.000,2025-12-24 00:00:00.000,216,2026-01-11 00:00:00.000,,
W90,"0110869",-14,0,0,0,2026-01-11 00:00:00.000,2025-09-15 00:00:00.000,0,2026-01-11 00:00:00.000,,
W90,"0110871",0,0,0,0,2025-07-25 00:00:00.000,2025-05-06 00:00:00.000,0,2026-01-11 00:00:00.000,,
W90,"0097223",0,0,0,0,2025-11-18 00:00:00.000,2025-04-26 00:00:00.000,0,2026-01-11 00:00:00.000,,
W90,"0143297",0,0,0,0,2025-11-21 00:00:00.000,2025-04-26 00:00:00.000,0,2026-01-11 00:00:00.000,,
W90,"0097327",108,0,0,0,2026-03-19 00:00:00.000,2025-05-06 00:00:00.000,120,2026-01-11 00:00:00.000,,
W90,"0097216",90,0,0,0,2026-03-27 00:00:00.000,2026-03-26 00:00:00.000,48,2026-01-11 00:00:00.000,,
W90,"0119448",0,0,0,0,2025-12-31 00:00:00.000,2025-12-31 00:00:00.000,0,2026-01-11 00:00:00.000,,
W90,"0119447",0,0,0,0,2025-12-31 00:00:00.000,2025-05-06 00:00:00.000,0,2026-01-11 00:00:00.000,,
W90,"0191934",24,0,0,0,2026-04-10 00:00:00.000,2026-02-16 00:00:00.000,18,2026-01-11 00:00:00.000,,
W90,"0003114",156,0,0,0,2026-04-10 00:00:00.000,2026-03-25 00:00:00.000,138,2026-01-11 00:00:00.000,,
W90,"0202194",0,0,0,0,2025-12-22 00:00:00.000,2025-07-29 00:00:00.000,0,2026-01-11 00:00:00.000,,
W90,"0202197",0,0,0,0,2025-12-22 00:00:00.000,2025-07-29 00:00:00.000,0,2026-01-11 00:00:00.000,,
W90,"0202196",0,0,0,0,2025-12-22 00:00:00.000,2025-07-29 00:00:00.000,0,2026-01-11 00:00:00.000,,
W90,"0199694",96,0,0,0,2026-04-04 00:00:00.000,2025-10-18 00:00:00.000,576,2026-01-11 00:00:00.000,,
W90,"0199857",-168,0,0,0,2026-01-18 00:00:00.000,2025-07-29 00:00:00.000,240,2026-01-11 00:00:00.000,,
W90,"0003113",35,0,0,0,2026-01-11 00:00:00.000,2026-01-08 00:00:00.000,34,2026-01-11 00:00:00.000,,
W90,"0023456",0,0,0,0,2024-07-20 00:00:00.000,,0,2026-01-11 00:00:00.000,,
W90,"0163064",0,0,0,0,2025-05-23 00:00:00.000,2024-12-17 00:00:00.000,0,2026-01-11 00:00:00.000,,
W90,"0056597",0,0,0,0,2025-03-07 00:00:00.000,2024-07-29 00:00:00.000,0,2026-01-11 00:00:00.000,,
W90,"0135421",12,0,0,0,2026-04-11 00:00:00.000,2026-04-09 00:00:00.000,0,2026-01-11 00:00:00.000,,
W90,"0135423",0,0,0,0,2026-04-01 00:00:00.000,2026-03-27 00:00:00.000,1,2026-01-11 00:00:00.000,,
W90,"0135422",8,0,0,0,2026-04-17 00:00:00.000,2026-04-17 00:00:00.000,0,2026-01-11 00:00:00.000,,
W90,"0135420",10,0,0,0,2026-04-17 00:00:00.000,2026-04-04 00:00:00.000,0,2026-01-11 00:00:00.000,,
W90,"0097302",100,0,0,0,2026-04-07 00:00:00.000,2026-03-21 00:00:00.000,64,2026-01-11 00:00:00.000,,
W90,"0097300",76,0,0,0,2026-04-07 00:00:00.000,2026-03-21 00:00:00.000,32,2026-01-11 00:00:00.000,,
W90,"0097292",60,0,0,0,2026-04-17 00:00:00.000,2026-04-17 00:00:00.000,60,2026-01-11 00:00:00.000,,
W90,"0100243",26,0,0,0,2026-04-02 00:00:00.000,2026-03-21 00:00:00.000,10,2026-01-11 00:00:00.000,,
W90,"0122536",21,0,0,0,2026-04-11 00:00:00.000,2026-04-09 00:00:00.000,24,2026-01-11 00:00:00.000,,
W90,"0097209",63,0,0,0,2026-03-18 00:00:00.000,2026-04-06 00:00:00.000,15,2026-01-11 00:00:00.000,,
W90,"0097228",0,0,0,0,2025-11-04 00:00:00.000,2025-05-20 00:00:00.000,0,2026-01-11 00:00:00.000,,
W90,"0097227",114,0,0,0,2026-04-14 00:00:00.000,2026-02-16 00:00:00.000,24,2026-01-11 00:00:00.000,,
W90,"0097242",60,0,0,0,2026-03-11 00:00:00.000,2026-02-16 00:00:00.000,0,2026-01-11 00:00:00.000,,
W90,"0097263",164,0,0,0,2026-04-07 00:00:00.000,2026-04-09 00:00:00.000,44,2026-01-11 00:00:00.000,,
W90,"0097229",120,0,0,0,2026-04-12 00:00:00.000,2025-09-13 00:00:00.000,168,2026-01-11 00:00:00.000,,
W90,"0097230",143,0,0,0,2026-02-22 00:00:00.000,2026-03-02 00:00:00.000,144,2026-01-11 00:00:00.000,,
W90,"0100224",84,0,0,0,2026-03-09 00:00:00.000,2026-02-16 00:00:00.000,42,2026-01-11 00:00:00.000,,
W90,"0100254",9,0,0,0,2026-01-26 00:00:00.000,2024-08-17 00:00:00.000,12,2026-01-11 00:00:00.000,,
W90,"0097313",9,0,0,0,2025-12-02 00:00:00.000,2024-08-17 00:00:00.000,9,2026-01-11 00:00:00.000,,
W90,"0154381",105,0,0,0,2026-01-11 00:00:00.000,2024-08-17 00:00:00.000,120,2026-01-11 00:00:00.000,,
W90,"0097268",0,0,0,0,2026-04-02 00:00:00.000,2026-03-21 00:00:00.000,0,2026-01-11 00:00:00.000,,
W90,"0097264",0,0,0,0,2026-01-10 00:00:00.000,2025-05-06 00:00:00.000,0,2026-01-11 00:00:00.000,,
W90,"0100192",162,0,0,0,2025-12-21 00:00:00.000,2025-05-20 00:00:00.000,162,2026-01-11 00:00:00.000,,
W90,"0097346",120,0,0,0,2026-01-11 00:00:00.000,2025-05-20 00:00:00.000,108,2026-01-11 00:00:00.000,,
W90,"0100186",216,0,0,0,2026-03-26 00:00:00.000,2026-02-20 00:00:00.000,0,2026-01-11 00:00:00.000,,
W90,"0100226",60,0,0,0,2026-04-08 00:00:00.000,2026-04-09 00:00:00.000,60,2026-01-11 00:00:00.000,,
W90,"0097265",-1,0,0,0,2026-03-03 00:00:00.000,2026-02-05 00:00:00.000,0,2026-01-11 00:00:00.000,,
W90,"0081234",240,0,0,0,2026-04-13 00:00:00.000,2026-04-17 00:00:00.000,0,2026-01-11 00:00:00.000,,
W90,"0183830",0,0,0,0,2024-11-26 00:00:00.000,2024-08-17 00:00:00.000,0,2026-01-11 00:00:00.000,,
W90,"0097321",120,0,0,0,,2024-08-20 00:00:00.000,120,2026-01-11 00:00:00.000,,
W90,"0097319",0,0,0,0,2025-03-12 00:00:00.000,2024-08-20 00:00:00.000,0,2026-01-11 00:00:00.000,,
W90,"0097325",108,0,0,0,2025-12-04 00:00:00.000,2024-08-20 00:00:00.000,108,2026-01-11 00:00:00.000,,
W90,"0097323",108,0,0,0,2026-01-14 00:00:00.000,2024-08-20 00:00:00.000,120,2026-01-11 00:00:00.000,,
W90,"0097281",483,0,0,0,2025-09-09 00:00:00.000,2025-09-13 00:00:00.000,483,2026-01-11 00:00:00.000,,
W90,"0097283",262,0,0,0,2025-11-20 00:00:00.000,2026-02-06 00:00:00.000,192,2026-01-11 00:00:00.000,,
W90,"0097282",342,0,0,0,2026-01-11 00:00:00.000,2025-09-13 00:00:00.000,337,2026-01-11 00:00:00.000,,
W90,"0097285",103,0,0,0,2026-01-11 00:00:00.000,2026-03-26 00:00:00.000,112,2026-01-11 00:00:00.000,,
W90,"0097284",200,0,0,0,2026-03-23 00:00:00.000,2026-03-26 00:00:00.000,180,2026-01-11 00:00:00.000,,
W90,"0108136",18,0,0,0,2026-01-11 00:00:00.000,2024-08-17 00:00:00.000,12,2026-01-11 00:00:00.000,,
W90,"0143334",187,0,0,0,2025-02-27 00:00:00.000,2025-09-15 00:00:00.000,187,2026-01-11 00:00:00.000,,
W90,"0143335",187,0,0,0,2025-02-27 00:00:00.000,2025-09-15 00:00:00.000,187,2026-01-11 00:00:00.000,,
W90,"0097419",120,0,0,0,2026-03-08 00:00:00.000,2025-05-06 00:00:00.000,132,2026-01-11 00:00:00.000,,
W90,"0183533",0,0,0,0,2025-10-16 00:00:00.000,2025-09-05 00:00:00.000,0,2026-01-11 00:00:00.000,,
W90,"0019915",0,0,0,0,2026-03-31 00:00:00.000,2025-10-31 00:00:00.000,830,2026-01-11 00:00:00.000,,
W90,"0019912",0,0,0,0,2026-02-27 00:00:00.000,2025-10-31 00:00:00.000,500,2026-01-11 00:00:00.000,,
W90,"0055787",204,0,0,0,2026-02-05 00:00:00.000,2025-10-25 00:00:00.000,216,2026-01-11 00:00:00.000,,
W90,"0183870",5,0,0,0,2026-04-18 00:00:00.000,2026-04-04 00:00:00.000,27,2026-01-11 00:00:00.000,,
W90,"0089193",-96,0,0,0,2026-04-17 00:00:00.000,2024-08-18 00:00:00.000,24,2026-01-11 00:00:00.000,,
W90,"0097298",216,0,0,0,2026-01-11 00:00:00.000,2024-08-20 00:00:00.000,192,2026-01-11 00:00:00.000,,
W90,"0154379",0,0,0,0,2025-10-18 00:00:00.000,2024-08-20 00:00:00.000,0,2026-01-11 00:00:00.000,,
W90,"0097297",72,0,0,0,2026-03-27 00:00:00.000,2026-02-05 00:00:00.000,60,2026-01-11 00:00:00.000,,
W90,"0097295",27,0,0,0,2026-04-16 00:00:00.000,2026-04-04 00:00:00.000,27,2026-01-11 00:00:00.000,,
W90,"0154380",36,0,0,0,2025-10-14 00:00:00.000,2026-04-14 00:00:00.000,24,2026-01-11 00:00:00.000,,
W90,"0129954",0,0,0,0,2024-10-10 00:00:00.000,2024-10-07 00:00:00.000,0,2026-01-11 00:00:00.000,,
W90,"0169925",132,0,0,0,2026-01-28 00:00:00.000,2026-01-31 00:00:00.000,120,2026-01-11 00:00:00.000,,
W90,"0070769",0,0,0,0,2025-11-05 00:00:00.000,2025-10-31 00:00:00.000,0,2026-01-11 00:00:00.000,,
W90,"0111402",0,0,0,0,2025-12-22 00:00:00.000,2024-09-18 00:00:00.000,0,2026-01-11 00:00:00.000,,
W90,"0111403",0,0,0,0,2025-06-14 00:00:00.000,2024-09-18 00:00:00.000,0,2026-01-11 00:00:00.000,,
W90,"0128507",0,0,0,0,2024-11-23 00:00:00.000,2024-11-05 00:00:00.000,0,2026-01-11 00:00:00.000,,
W90,"0183956",96,0,0,0,2026-02-07 00:00:00.000,2025-04-18 00:00:00.000,138,2026-01-11 00:00:00.000,,
W90,"0178840",42,0,0,0,2026-03-29 00:00:00.000,2026-03-02 00:00:00.000,0,2026-01-11 00:00:00.000,,
W90,"0113245",42,0,0,0,2026-04-17 00:00:00.000,2026-04-17 00:00:00.000,0,2026-01-11 00:00:00.000,,
W90,"0113244",30,0,0,0,2026-04-14 00:00:00.000,2026-04-09 00:00:00.000,0,2026-01-11 00:00:00.000,,
W90,"0178839",60,0,0,0,2026-01-31 00:00:00.000,2026-02-16 00:00:00.000,36,2026-01-11 00:00:00.000,,
W90,"0110876",54,0,0,0,2026-04-16 00:00:00.000,2026-02-16 00:00:00.000,30,2026-01-11 00:00:00.000,,
W90,"0110875",60,0,0,0,2026-04-16 00:00:00.000,2026-02-16 00:00:00.000,66,2026-01-11 00:00:00.000,,
W90,"0127632",204,0,0,0,2026-04-15 00:00:00.000,2026-04-02 00:00:00.000,372,2026-01-11 00:00:00.000,,
W90,"0197141",780,0,0,0,2026-04-17 00:00:00.000,2026-03-21 00:00:00.000,996,2026-01-11 00:00:00.000,,
W90,"0197140",864,0,0,0,2026-04-17 00:00:00.000,2026-03-21 00:00:00.000,996,2026-01-11 00:00:00.000,,
W90,"0198937",564,0,0,0,2026-03-11 00:00:00.000,2025-04-12 00:00:00.000,648,2026-01-11 00:00:00.000,,
W90,"0176551",12,0,0,0,2026-01-21 00:00:00.000,2025-06-18 00:00:00.000,12,2026-01-11 00:00:00.000,,
W90,"0202624",144,0,0,0,2026-04-17 00:00:00.000,2026-04-12 00:00:00.000,210,2026-01-11 00:00:00.000,,
W90,"0069023",0,0,0,0,2025-10-23 00:00:00.000,2025-10-23 00:00:00.000,0,2026-01-11 00:00:00.000,,
W90,"0208112",168,0,0,0,2026-04-10 00:00:00.000,2026-03-05 00:00:00.000,120,2026-01-11 00:00:00.000,,
W90,"0208110",156,0,0,0,2026-04-10 00:00:00.000,2026-03-05 00:00:00.000,0,2026-01-11 00:00:00.000,,
W90,"0203135",72,0,0,0,2026-04-17 00:00:00.000,2026-03-02 00:00:00.000,192,2026-01-11 00:00:00.000,,
W90,"0203136",432,0,0,0,2026-03-30 00:00:00.000,2026-03-02 00:00:00.000,0,2026-01-11 00:00:00.000,,
W90,"0163017",48,0,0,0,2026-03-09 00:00:00.000,2025-12-15 00:00:00.000,102,2026-01-11 00:00:00.000,,
W90,"0163015",60,0,0,0,2026-04-01 00:00:00.000,2025-12-15 00:00:00.000,102,2026-01-11 00:00:00.000,,
W90,"0005454",12,0,0,0,2026-04-03 00:00:00.000,2026-04-04 00:00:00.000,0,,,
W90,"0127559",312,0,0,0,2026-01-11 00:00:00.000,,0,2026-01-11 00:00:00.000,,
W90,"0183547",102,0,0,0,2026-04-06 00:00:00.000,2026-04-06 00:00:00.000,234,2026-01-11 00:00:00.000,,
W90,"0183548",768,0,0,0,2026-03-10 00:00:00.000,2026-01-15 00:00:00.000,828,2026-01-11 00:00:00.000,,
W90,"0183550",468,0,0,0,2026-03-09 00:00:00.000,2026-01-15 00:00:00.000,204,2026-01-11 00:00:00.000,,
W90,"0183551",576,0,0,0,2026-03-09 00:00:00.000,2026-01-15 00:00:00.000,420,2026-01-11 00:00:00.000,,
W90,"0183549",750,0,0,0,2026-04-13 00:00:00.000,2025-04-17 00:00:00.000,960,2026-01-11 00:00:00.000,,
W90,"0113854",0,0,0,0,2024-10-01 00:00:00.000,2024-10-01 00:00:00.000,0,2026-01-11 00:00:00.000,,
W90,"0072658",0,0,0,0,2024-09-16 00:00:00.000,2024-09-16 00:00:00.000,0,2026-01-11 00:00:00.000,,
W90,"0099211",0,0,0,0,2024-09-06 00:00:00.000,2024-09-13 00:00:00.000,0,2026-01-11 00:00:00.000,,
W90,"0024760",0,0,0,0,2024-08-16 00:00:00.000,2024-08-16 00:00:00.000,0,2026-01-11 00:00:00.000,,
W90,"0072657",0,0,0,0,2024-08-16 00:00:00.000,2024-08-16 00:00:00.000,0,2026-01-11 00:00:00.000,,
W90,"0133165",0,0,0,0,2024-09-13 00:00:00.000,2024-09-13 00:00:00.000,0,2026-01-11 00:00:00.000,,
W90,"0133570",0,0,0,0,2024-08-16 00:00:00.000,2024-08-16 00:00:00.000,0,2026-01-11 00:00:00.000,,
W90,"0156588",0,0,0,0,2024-08-16 00:00:00.000,2024-08-16 00:00:00.000,0,2026-01-11 00:00:00.000,,
W90,"0156587",0,0,0,0,2024-09-19 00:00:00.000,2024-09-19 00:00:00.000,0,2026-01-11 00:00:00.000,,
W90,"0133550",0,0,0,0,2024-09-13 00:00:00.000,2024-09-13 00:00:00.000,0,2026-01-11 00:00:00.000,,
W90,"0073592",0,0,0,0,2024-09-06 00:00:00.000,2024-09-06 00:00:00.000,0,2026-01-11 00:00:00.000,,
W90,"0086092",0,0,0,0,2024-09-06 00:00:00.000,2024-09-06 00:00:00.000,0,2026-01-11 00:00:00.000,,
W90,"0157587",0,0,0,0,2024-09-19 00:00:00.000,2024-09-19 00:00:00.000,0,2026-01-11 00:00:00.000,,
W90,"0086087",0,0,0,0,2024-08-16 00:00:00.000,2024-08-16 00:00:00.000,0,2026-01-11 00:00:00.000,,
W90,"0086084",0,0,0,0,2024-08-16 00:00:00.000,2024-08-16 00:00:00.000,0,2026-01-11 00:00:00.000,,
W90,"0086085",0,0,0,0,2024-08-16 00:00:00.000,2024-08-16 00:00:00.000,0,2026-01-11 00:00:00.000,,
W90,"0131805",40,0,0,0,2026-04-14 00:00:00.000,2025-04-24 00:00:00.000,55,2026-01-11 00:00:00.000,,
W90,"0126353",450,0,0,0,2026-01-23 00:00:00.000,2024-10-12 00:00:00.000,510,2026-01-11 00:00:00.000,,
W90,"0073621",0,0,0,0,2024-10-02 00:00:00.000,2024-09-27 00:00:00.000,0,2026-01-11 00:00:00.000,,
W90,"0135602",0,0,0,0,2024-10-22 00:00:00.000,2024-10-03 00:00:00.000,0,2026-01-11 00:00:00.000,,
W90,"0172429",0,0,0,0,2024-10-22 00:00:00.000,2024-08-24 00:00:00.000,0,2026-01-11 00:00:00.000,,
W90,"0172428",0,0,0,0,2024-10-22 00:00:00.000,2024-09-28 00:00:00.000,0,2026-01-11 00:00:00.000,,
W90,"0059724",504,0,0,0,2026-04-17 00:00:00.000,2026-04-09 00:00:00.000,288,2026-01-11 00:00:00.000,,
W90,"0067427",0,0,0,0,2025-02-22 00:00:00.000,2024-10-28 00:00:00.000,0,2026-01-11 00:00:00.000,,
W90,"0097234",15,0,0,0,2026-01-09 00:00:00.000,2025-05-06 00:00:00.000,15,2026-01-11 00:00:00.000,,
W90,"0187490",0,0,0,0,2025-12-10 00:00:00.000,2025-02-08 00:00:00.000,0,2026-01-11 00:00:00.000,,
W90,"0193359",0,0,0,0,2025-11-07 00:00:00.000,2024-12-17 00:00:00.000,0,2026-01-11 00:00:00.000,,
W90,"0097418",120,0,0,0,2026-04-14 00:00:00.000,2026-02-05 00:00:00.000,72,2026-01-11 00:00:00.000,,
W90,"0198973",0,0,0,0,2026-02-21 00:00:00.000,2025-03-10 00:00:00.000,40,2026-01-11 00:00:00.000,,
W90,"0198974",0,0,0,0,2025-03-24 00:00:00.000,2025-03-10 00:00:00.000,0,2026-01-11 00:00:00.000,,
W90,"0198975",0,0,0,0,2025-09-06 00:00:00.000,2025-03-10 00:00:00.000,0,2026-01-11 00:00:00.000,,
W90,"0198976",0,0,0,0,2025-07-21 00:00:00.000,2025-03-10 00:00:00.000,0,2026-01-11 00:00:00.000,,
W90,"0198977",40,0,0,0,2025-06-09 00:00:00.000,2025-03-10 00:00:00.000,40,2026-01-11 00:00:00.000,,
W90,"0199567",426,0,0,0,2026-04-17 00:00:00.000,2026-04-16 00:00:00.000,348,2026-01-11 00:00:00.000,,
W90,"0199568",252,0,0,0,2026-04-18 00:00:00.000,2026-04-10 00:00:00.000,348,2026-01-11 00:00:00.000,,
W90,"0167731",-42,0,0,0,2026-01-26 00:00:00.000,2025-04-24 00:00:00.000,18,2026-01-11 00:00:00.000,,
W90,"0200642",8700,0,0,0,2026-04-08 00:00:00.000,2026-04-08 00:00:00.000,6150,2026-01-11 00:00:00.000,,
W90,"0060441",0,0,0,0,2025-10-13 00:00:00.000,2025-07-09 00:00:00.000,0,2026-01-11 00:00:00.000,,
W90,"0055789",0,0,0,0,2026-02-24 00:00:00.000,2025-12-13 00:00:00.000,96,2026-01-11 00:00:00.000,,
W90,"0068116",0,0,0,0,2025-08-20 00:00:00.000,2025-07-31 00:00:00.000,0,2026-01-11 00:00:00.000,,
W90,"0150586",0,0,0,0,2025-12-16 00:00:00.000,2025-12-15 00:00:00.000,0,2026-01-11 00:00:00.000,,
W90,"0150587",0,0,0,0,2025-12-16 00:00:00.000,2025-12-15 00:00:00.000,0,2026-01-11 00:00:00.000,,
W90,"0171302",3260,0,0,0,2026-04-15 00:00:00.000,2026-04-14 00:00:00.000,1776,2026-01-11 00:00:00.000,,
W90,"0171300",2061,0,0,0,2026-04-11 00:00:00.000,2026-04-13 00:00:00.000,1152,2026-01-11 00:00:00.000,,
W90,"0098866",0,0,0,0,2025-02-20 00:00:00.000,2024-07-31 00:00:00.000,0,2026-01-11 00:00:00.000,,
W90,"0183127",90,0,0,0,2025-12-19 00:00:00.000,2025-10-08 00:00:00.000,90,2026-01-11 00:00:00.000,,
W90,"0114011",0,0,0,0,2024-12-18 00:00:00.000,2024-08-20 00:00:00.000,0,2026-01-11 00:00:00.000,,
W90,"0114005",0,0,0,0,2025-09-05 00:00:00.000,2025-05-19 00:00:00.000,0,2026-01-11 00:00:00.000,,
W90,"0127638",156,0,0,0,2026-01-11 00:00:00.000,,0,2026-01-11 00:00:00.000,,
W90,"0119454",492,0,0,0,2025-05-05 00:00:00.000,2026-01-26 00:00:00.000,456,2026-01-11 00:00:00.000,,
W90,"0159489",0,0,0,0,2024-09-29 00:00:00.000,2024-09-28 00:00:00.000,0,2026-01-11 00:00:00.000,,
W90,"0159380",0,0,0,0,2024-09-24 00:00:00.000,2024-09-24 00:00:00.000,0,2026-01-11 00:00:00.000,,
W90,"0159484",0,0,0,0,2024-09-24 00:00:00.000,2024-09-24 00:00:00.000,0,2026-01-11 00:00:00.000,,
W90,"0114003",0,0,0,0,2024-09-27 00:00:00.000,2024-09-27 00:00:00.000,0,2026-01-11 00:00:00.000,,
W90,"0122823",0,0,0,0,2025-12-22 00:00:00.000,2024-10-08 00:00:00.000,0,2026-01-11 00:00:00.000,,
W90,"0190793",0,0,0,0,2025-05-24 00:00:00.000,2025-04-10 00:00:00.000,0,2026-01-11 00:00:00.000,,
W90,"0190792",0,0,0,0,2025-05-24 00:00:00.000,2025-05-10 00:00:00.000,0,2026-01-11 00:00:00.000,,
W90,"0148805",300,0,0,0,2026-04-16 00:00:00.000,2026-04-17 00:00:00.000,0,2026-01-11 00:00:00.000,,
W90,"0082410",0,0,0,0,2025-05-09 00:00:00.000,2025-01-04 00:00:00.000,0,2026-01-11 00:00:00.000,,
W90,"0189734",0,0,0,0,2025-06-05 00:00:00.000,2025-01-13 00:00:00.000,0,2026-01-11 00:00:00.000,,
W90,"0123724",0,0,0,0,2025-06-18 00:00:00.000,2025-03-08 00:00:00.000,0,2026-01-11 00:00:00.000,,
W90,"0111383",0,0,0,0,2025-03-23 00:00:00.000,2025-03-08 00:00:00.000,0,2026-01-11 00:00:00.000,,
W90,"0116053",24,0,0,0,2026-03-10 00:00:00.000,2025-03-08 00:00:00.000,48,2026-01-11 00:00:00.000,,
W90,"0112975",0,0,0,0,2025-04-18 00:00:00.000,2025-03-08 00:00:00.000,0,2026-01-11 00:00:00.000,,
W90,"0033636",0,0,0,0,2025-04-25 00:00:00.000,2025-03-08 00:00:00.000,0,2026-01-11 00:00:00.000,,
W90,"0052842",0,0,0,0,2025-06-21 00:00:00.000,2025-06-20 00:00:00.000,0,2026-01-11 00:00:00.000,,
W90,"0203104",8,0,0,0,2026-03-13 00:00:00.000,2025-12-07 00:00:00.000,11,2026-01-11 00:00:00.000,,
W90,"0205264",112,0,0,0,2026-04-14 00:00:00.000,2026-04-15 00:00:00.000,68,2026-01-11 00:00:00.000,,
W90,"0205265",408,0,0,0,2026-04-15 00:00:00.000,2026-04-15 00:00:00.000,180,2026-01-11 00:00:00.000,,
W90,"0046824",0,0,0,0,2025-12-27 00:00:00.000,,0,2026-01-11 00:00:00.000,,
W90,"0122160",0,0,0,0,2026-01-10 00:00:00.000,2024-07-23 00:00:00.000,0,2026-01-11 00:00:00.000,,
W90,"0131600",0,0,0,0,2025-07-08 00:00:00.000,2024-09-12 00:00:00.000,0,2026-01-11 00:00:00.000,,
W90,"0140484",0,0,0,0,2025-04-11 00:00:00.000,2024-07-23 00:00:00.000,0,2026-01-11 00:00:00.000,,
W90,"0152685",0,0,0,0,2025-08-19 00:00:00.000,2025-08-19 00:00:00.000,0,2026-01-11 00:00:00.000,,
W90,"0159980",0,0,0,0,2024-08-21 00:00:00.000,2024-08-21 00:00:00.000,0,2026-01-11 00:00:00.000,,
W90,"0164574",96,0,0,0,2026-01-31 00:00:00.000,2026-01-31 00:00:00.000,91,2026-01-11 00:00:00.000,,
W90,"0171297",240,0,0,0,2026-03-12 00:00:00.000,2024-07-24 00:00:00.000,264,2026-01-11 00:00:00.000,,
W90,"0171818",-12,0,0,0,2026-01-11 00:00:00.000,2024-07-23 00:00:00.000,0,2026-01-11 00:00:00.000,,
W90,"0171823",0,0,0,0,2024-11-12 00:00:00.000,2024-10-03 00:00:00.000,0,2026-01-11 00:00:00.000,,
W90,"0178236",1006,0,0,0,2026-04-10 00:00:00.000,2026-04-11 00:00:00.000,816,2026-01-11 00:00:00.000,,
W90,"0179796",0,0,0,0,2025-10-29 00:00:00.000,2025-10-27 00:00:00.000,0,2026-01-11 00:00:00.000,,
W90,"0180493",240,0,0,0,2025-12-22 00:00:00.000,2024-07-24 00:00:00.000,240,2026-01-11 00:00:00.000,,
W90,"0180556",240,0,0,0,2025-12-22 00:00:00.000,2024-07-24 00:00:00.000,240,2026-01-11 00:00:00.000,,
W90,"0185056",169,0,0,0,2026-04-17 00:00:00.000,2025-03-19 00:00:00.000,192,2026-01-11 00:00:00.000,,
W90,"0185441",0,0,0,0,2024-09-16 00:00:00.000,2024-09-16 00:00:00.000,0,2026-01-11 00:00:00.000,,
W90,"0185985",1978,0,0,0,2026-04-16 00:00:00.000,2026-02-22 00:00:00.000,2336,2026-01-11 00:00:00.000,,
W90,"0186127",0,0,0,0,2024-09-29 00:00:00.000,2024-09-28 00:00:00.000,0,2026-01-11 00:00:00.000,,
W90,"0189769",24,0,0,0,2025-10-25 00:00:00.000,2025-09-15 00:00:00.000,24,2026-01-11 00:00:00.000,,
W90,"0189823",0,0,0,0,2025-08-09 00:00:00.000,2025-03-22 00:00:00.000,0,2026-01-11 00:00:00.000,,
W90,"0191857",45,0,0,0,2026-02-25 00:00:00.000,2024-12-17 00:00:00.000,48,2026-01-11 00:00:00.000,,
W90,"0198007",42,0,0,0,2026-04-13 00:00:00.000,2026-04-17 00:00:00.000,102,2026-01-11 00:00:00.000,,
W90,"0198011",114,0,0,0,2026-04-13 00:00:00.000,2026-04-17 00:00:00.000,144,2026-01-11 00:00:00.000,,
W90,"0199485",0,0,0,0,2025-12-04 00:00:00.000,2025-05-26 00:00:00.000,0,2026-01-11 00:00:00.000,,
W90,"0202195",0,0,0,0,2025-12-22 00:00:00.000,2025-07-29 00:00:00.000,0,2026-01-11 00:00:00.000,,
W90,"0206767",48,0,0,0,2026-04-17 00:00:00.000,2026-04-14 00:00:00.000,0,,,
W90,"0213103",3,0,0,0,2026-04-11 00:00:00.000,2026-04-17 00:00:00.000,0,,,
W90,"0100263",72,0,0,0,,2026-02-16 00:00:00.000,0,,,
W90,"0132063",48,0,0,0,2026-03-09 00:00:00.000,2026-03-21 00:00:00.000,0,,,
W90,"0211918",84,0,0,0,2026-03-09 00:00:00.000,2026-02-16 00:00:00.000,0,,,
W90,"0211919",96,0,0,0,2026-03-09 00:00:00.000,2026-02-16 00:00:00.000,0,,,
W90,"0135419",32,0,0,0,2026-02-17 00:00:00.000,2026-02-19 00:00:00.000,0,,,
W90,"0213106",30,0,0,0,,2026-03-21 00:00:00.000,0,,,
W90,"0213105",0,0,0,0,2026-04-17 00:00:00.000,2026-04-14 00:00:00.000,0,,,
W90,"0191629",0,0,0,0,2026-03-01 00:00:00.000,2026-02-16 00:00:00.000,0,,,
W90,"0213104",54,0,0,0,2026-03-27 00:00:00.000,2026-03-31 00:00:00.000,0,,,
W90,"0199492",72,0,0,0,2026-03-09 00:00:00.000,2026-02-16 00:00:00.000,0,,,
W90,"0171826",0,0,0,0,2024-12-06 00:00:00.000,2024-07-23 00:00:00.000,0,2026-01-11 00:00:00.000,,
W90,"0171824",0,0,0,0,2024-12-06 00:00:00.000,2024-07-23 00:00:00.000,0,2026-01-11 00:00:00.000,,
W90,"0097414",48,0,0,0,2026-03-10 00:00:00.000,2026-02-16 00:00:00.000,0,2026-01-11 00:00:00.000,,
W90,"0097241",0,0,0,0,2024-07-23 00:00:00.000,2024-07-22 00:00:00.000,0,2026-01-11 00:00:00.000,,
W90,"0100237",0,0,0,0,2024-07-23 00:00:00.000,2024-07-22 00:00:00.000,0,2026-01-11 00:00:00.000,,
W90,"0097237",0,0,0,0,2024-07-23 00:00:00.000,2024-07-21 00:00:00.000,0,2026-01-11 00:00:00.000,,
W90,"0100221",0,0,0,0,2024-07-23 00:00:00.000,2024-07-21 00:00:00.000,0,2026-01-11 00:00:00.000,,
W90,"0097232",0,0,0,0,2025-02-04 00:00:00.000,2025-02-04 00:00:00.000,0,2026-01-11 00:00:00.000,,
W90,"0097236",0,0,0,0,2024-07-23 00:00:00.000,2024-07-21 00:00:00.000,0,2026-01-11 00:00:00.000,,
W90,"0097328",0,0,0,0,2024-07-23 00:00:00.000,2024-07-21 00:00:00.000,0,2026-01-11 00:00:00.000,,
W90,"0046101",-156,0,0,0,2026-01-11 00:00:00.000,2024-07-23 00:00:00.000,0,2026-01-11 00:00:00.000,,
W90,"0089670",-312,0,0,0,2026-01-11 00:00:00.000,2024-07-23 00:00:00.000,0,2026-01-11 00:00:00.000,,
W90,"0111135",-42,0,0,0,2026-01-11 00:00:00.000,2024-07-23 00:00:00.000,0,2026-01-11 00:00:00.000,,
W90,"0111136",42,0,0,0,2026-01-11 00:00:00.000,2024-07-23 00:00:00.000,0,2026-01-11 00:00:00.000,,
W90,"0111137",0,0,0,0,2025-08-12 00:00:00.000,2024-07-23 00:00:00.000,0,2026-01-11 00:00:00.000,,
W90,"0111138",0,0,0,0,2025-10-05 00:00:00.000,2024-07-23 00:00:00.000,0,2026-01-11 00:00:00.000,,
W90,"0111139",0,0,0,0,2025-10-05 00:00:00.000,2024-07-23 00:00:00.000,0,2026-01-11 00:00:00.000,,
W90,"0111140",0,0,0,0,2025-10-05 00:00:00.000,2024-07-23 00:00:00.000,0,2026-01-11 00:00:00.000,,
W90,"0135112",0,0,0,0,2025-03-07 00:00:00.000,2024-07-23 00:00:00.000,0,2026-01-11 00:00:00.000,,
W90,"0135113",0,0,0,0,2025-07-11 00:00:00.000,2024-07-23 00:00:00.000,0,2026-01-11 00:00:00.000,,
W90,"0111124",0,0,0,0,2025-03-03 00:00:00.000,2024-07-23 00:00:00.000,0,2026-01-11 00:00:00.000,,
W90,"0085594",440,0,0,0,2025-04-20 00:00:00.000,2025-03-18 00:00:00.000,440,2026-01-11 00:00:00.000,,
W90,"0113999",0,0,0,0,2025-11-11 00:00:00.000,2025-09-20 00:00:00.000,0,2026-01-11 00:00:00.000,,
W90,"0128559",0,0,0,0,2025-04-06 00:00:00.000,2025-01-25 00:00:00.000,0,2026-01-11 00:00:00.000,,
W90,"0114635",0,0,0,0,2025-04-04 00:00:00.000,2024-07-23 00:00:00.000,0,2026-01-11 00:00:00.000,,
W90,"0114636",0,0,0,0,2025-03-12 00:00:00.000,2024-08-20 00:00:00.000,0,2026-01-11 00:00:00.000,,
W90,"0085391",0,0,0,0,2025-03-24 00:00:00.000,2024-08-20 00:00:00.000,0,2026-01-11 00:00:00.000,,
W90,"0057691",-24,0,0,0,2026-01-11 00:00:00.000,2024-07-23 00:00:00.000,0,2026-01-11 00:00:00.000,,
W90,"0144786",24,0,0,0,2026-01-11 00:00:00.000,2024-07-23 00:00:00.000,0,2026-01-11 00:00:00.000,,
W90,"0066448",0,0,0,0,2025-05-06 00:00:00.000,2024-07-23 00:00:00.000,0,2026-01-11 00:00:00.000,,
W90,"0066904",0,0,0,0,2025-05-06 00:00:00.000,2024-07-23 00:00:00.000,0,2026-01-11 00:00:00.000,,
W90,"0066906",0,0,0,0,2025-05-06 00:00:00.000,2024-07-23 00:00:00.000,0,2026-01-11 00:00:00.000,,
W90,"0099772",0,0,0,0,2025-05-06 00:00:00.000,2024-07-23 00:00:00.000,0,2026-01-11 00:00:00.000,,
W90,"0066905",0,0,0,0,2025-05-06 00:00:00.000,2024-07-23 00:00:00.000,0,2026-01-11 00:00:00.000,,
W90,"0068126",0,0,0,0,2025-03-28 00:00:00.000,2024-07-23 00:00:00.000,0,2026-01-11 00:00:00.000,,
W90,"0153134",0,0,0,0,2025-05-06 00:00:00.000,2024-07-23 00:00:00.000,0,2026-01-11 00:00:00.000,,
W90,"0066455",0,0,0,0,2025-05-06 00:00:00.000,2024-07-23 00:00:00.000,0,2026-01-11 00:00:00.000,,
W90,"0083569",0,0,0,0,2025-03-12 00:00:00.000,2024-07-23 00:00:00.000,0,2026-01-11 00:00:00.000,,
W90,"0058678",0,0,0,0,2025-01-21 00:00:00.000,2024-10-12 00:00:00.000,0,2026-01-11 00:00:00.000,,
W90,"0058677",0,0,0,0,2025-03-22 00:00:00.000,2024-10-12 00:00:00.000,0,2026-01-11 00:00:00.000,,
W90,"0085518",0,0,0,0,2025-12-08 00:00:00.000,2025-02-05 00:00:00.000,0,2026-01-11 00:00:00.000,,
W90,"0066564",0,0,0,0,2025-09-17 00:00:00.000,2025-02-05 00:00:00.000,0,2026-01-11 00:00:00.000,,
W90,"0058403",0,0,0,0,2025-06-28 00:00:00.000,2024-07-23 00:00:00.000,0,2026-01-11 00:00:00.000,,
W90,"0129285",0,0,0,0,2024-07-26 00:00:00.000,2024-08-05 00:00:00.000,0,2026-01-11 00:00:00.000,,
W90,"0182286",0,0,0,0,2025-02-28 00:00:00.000,2024-07-23 00:00:00.000,0,2026-01-11 00:00:00.000,,
W90,"0182285",0,0,0,0,2025-01-05 00:00:00.000,2024-07-23 00:00:00.000,0,2026-01-11 00:00:00.000,,
W90,"0110804",0,0,0,0,2024-10-25 00:00:00.000,2024-07-23 00:00:00.000,0,2026-01-11 00:00:00.000,,
W90,"0093508",0,0,0,0,2025-06-17 00:00:00.000,2024-07-23 00:00:00.000,0,2026-01-11 00:00:00.000,,
W90,"0093509",0,0,0,0,2025-12-14 00:00:00.000,2025-02-03 00:00:00.000,0,2026-01-11 00:00:00.000,,
W90,"0093510",0,0,0,0,2025-05-06 00:00:00.000,2025-02-03 00:00:00.000,0,2026-01-11 00:00:00.000,,
W90,"0070768",0,0,0,0,2025-11-05 00:00:00.000,2025-09-27 00:00:00.000,0,2026-01-11 00:00:00.000,,
W90,"0075307",0,0,0,0,2026-02-19 00:00:00.000,2025-10-31 00:00:00.000,12,2026-01-11 00:00:00.000,,
W90,"0075470",0,0,0,0,2026-03-03 00:00:00.000,2025-10-31 00:00:00.000,60,2026-01-11 00:00:00.000,,
W90,"0070767",0,0,0,0,2026-03-03 00:00:00.000,2025-10-31 00:00:00.000,72,2026-01-11 00:00:00.000,,
W90,"0068154",0,0,0,0,2024-09-18 00:00:00.000,2024-07-23 00:00:00.000,0,2026-01-11 00:00:00.000,,
W90,"0068255",0,0,0,0,2024-08-27 00:00:00.000,2024-07-23 00:00:00.000,0,2026-01-11 00:00:00.000,,
W90,"0043136",0,0,0,0,2026-03-03 00:00:00.000,2025-10-31 00:00:00.000,60,2026-01-11 00:00:00.000,,
W90,"0111180",0,0,0,0,2024-12-05 00:00:00.000,2024-07-23 00:00:00.000,0,2026-01-11 00:00:00.000,,
W90,"0111181",0,0,0,0,2024-12-05 00:00:00.000,2024-07-23 00:00:00.000,0,2026-01-11 00:00:00.000,,
W90,"0111183",0,0,0,0,2024-12-05 00:00:00.000,2024-07-23 00:00:00.000,0,2026-01-11 00:00:00.000,,
W90,"0034307",0,0,0,0,2026-03-03 00:00:00.000,2024-07-23 00:00:00.000,160,2026-01-11 00:00:00.000,,
W90,"0111179",0,0,0,0,2025-06-30 00:00:00.000,2024-07-23 00:00:00.000,0,2026-01-11 00:00:00.000,,
W90,"0111178",-300,0,0,0,2026-01-11 00:00:00.000,2024-07-23 00:00:00.000,0,2026-01-11 00:00:00.000,,
W90,"0114014",0,0,0,0,2024-11-23 00:00:00.000,2024-11-05 00:00:00.000,0,2026-01-11 00:00:00.000,,
W90,"0084186",72,0,0,0,2026-02-07 00:00:00.000,2025-10-10 00:00:00.000,132,2026-01-11 00:00:00.000,,
W90,"0111392",0,0,0,0,2025-01-05 00:00:00.000,2024-07-23 00:00:00.000,0,2026-01-11 00:00:00.000,,
W90,"0002867",0,0,0,0,2025-11-04 00:00:00.000,2025-01-02 00:00:00.000,0,2026-01-11 00:00:00.000,,
W90,"0122159",0,0,0,0,2025-12-07 00:00:00.000,2024-07-23 00:00:00.000,0,2026-01-11 00:00:00.000,,
W90,"0111941",225,0,0,0,2026-03-30 00:00:00.000,2025-11-10 00:00:00.000,350,2026-01-11 00:00:00.000,,
W90,"0111940",200,0,0,0,2026-04-11 00:00:00.000,2025-11-10 00:00:00.000,480,2026-01-11 00:00:00.000,,
W90,"0111939",240,0,0,0,2026-03-16 00:00:00.000,2025-11-10 00:00:00.000,480,2026-01-11 00:00:00.000,,
W90,"0180495",384,0,0,0,2025-12-22 00:00:00.000,2024-07-24 00:00:00.000,384,2026-01-11 00:00:00.000,,
W90,"0180496",216,0,0,0,2025-12-22 00:00:00.000,2024-07-24 00:00:00.000,216,2026-01-11 00:00:00.000,,
W90,"0180494",144,0,0,0,2025-12-22 00:00:00.000,2024-07-24 00:00:00.000,144,2026-01-11 00:00:00.000,,
W90,"0171294",264,0,0,0,2026-03-12 00:00:00.000,2024-07-24 00:00:00.000,288,2026-01-11 00:00:00.000,,
W90,"0171296",0,0,0,0,2025-12-22 00:00:00.000,2024-07-24 00:00:00.000,0,2026-01-11 00:00:00.000,,
W90,"0171295",0,0,0,0,2024-10-21 00:00:00.000,2024-07-24 00:00:00.000,0,2026-01-11 00:00:00.000,,
W90,"0171298",0,0,0,0,2025-08-16 00:00:00.000,2025-07-29 00:00:00.000,0,2026-01-11 00:00:00.000,,
W90,"0120500",228,0,0,0,2026-04-17 00:00:00.000,2026-04-17 00:00:00.000,120,2026-01-11 00:00:00.000,,
W90,"0111343",0,0,0,0,2025-04-30 00:00:00.000,2024-07-31 00:00:00.000,0,2026-01-11 00:00:00.000,,
W90,"0116999",0,0,0,0,2024-08-22 00:00:00.000,,0,2026-01-11 00:00:00.000,,
W90,"0111406",0,0,0,0,2026-03-30 00:00:00.000,2025-09-04 00:00:00.000,108,2026-01-11 00:00:00.000,,
W90,"0076227",0,0,0,0,2024-12-05 00:00:00.000,2024-08-06 00:00:00.000,0,2026-01-11 00:00:00.000,,
W90,"0035719",0,0,0,0,2024-10-04 00:00:00.000,2024-08-23 00:00:00.000,0,2026-01-11 00:00:00.000,,
W90,"0035715",0,0,0,0,2024-10-22 00:00:00.000,2024-09-02 00:00:00.000,0,2026-01-11 00:00:00.000,,
W90,"0086090",0,0,0,0,2024-10-17 00:00:00.000,2024-09-24 00:00:00.000,0,2026-01-11 00:00:00.000,,
W90,"0037495",0,0,0,0,2024-10-22 00:00:00.000,2024-08-16 00:00:00.000,0,2026-01-11 00:00:00.000,,
W90,"0037494",0,0,0,0,2024-10-22 00:00:00.000,2024-08-22 00:00:00.000,0,2026-01-11 00:00:00.000,,
W90,"0085506",0,0,0,0,2024-10-22 00:00:00.000,2024-08-27 00:00:00.000,0,2026-01-11 00:00:00.000,,
W90,"0023718",0,0,0,0,2024-10-22 00:00:00.000,2024-08-09 00:00:00.000,0,2026-01-11 00:00:00.000,,
W90,"0023717",0,0,0,0,2024-10-22 00:00:00.000,2024-08-09 00:00:00.000,0,2026-01-11 00:00:00.000,,
W90,"0085501",0,0,0,0,2024-10-22 00:00:00.000,2024-09-09 00:00:00.000,0,2026-01-11 00:00:00.000,,
W90,"0023722",0,0,0,0,2024-10-11 00:00:00.000,2024-09-19 00:00:00.000,0,2026-01-11 00:00:00.000,,
W90,"0023721",0,0,0,0,2024-10-22 00:00:00.000,2024-09-06 00:00:00.000,0,2026-01-11 00:00:00.000,,
W90,"0085503",0,0,0,0,2024-10-22 00:00:00.000,2024-09-13 00:00:00.000,0,2026-01-11 00:00:00.000,,
W90,"0023723",0,0,0,0,2024-10-22 00:00:00.000,2024-09-28 00:00:00.000,0,2026-01-11 00:00:00.000,,
W90,"0055791",144,0,0,0,2026-03-03 00:00:00.000,2026-01-05 00:00:00.000,240,2026-01-11 00:00:00.000,,
W90,"0169988",0,0,0,0,2025-08-08 00:00:00.000,2025-04-10 00:00:00.000,0,2026-01-11 00:00:00.000,,
W90,"0149273",0,0,0,0,2024-11-26 00:00:00.000,2024-11-26 00:00:00.000,0,2026-01-11 00:00:00.000,,
W90,"0159272",0,0,0,0,2025-01-05 00:00:00.000,2024-09-09 00:00:00.000,0,2026-01-11 00:00:00.000,,
W90,"0098676",0,0,0,0,2024-09-02 00:00:00.000,2024-09-02 00:00:00.000,0,2026-01-11 00:00:00.000,,
W90,"0181157",0,0,0,0,2024-10-22 00:00:00.000,2024-10-02 00:00:00.000,0,2026-01-11 00:00:00.000,,
W90,"0063045",0,0,0,0,2024-08-22 00:00:00.000,2024-08-21 00:00:00.000,0,2026-01-11 00:00:00.000,,
W90,"0087893",0,0,0,0,2024-08-21 00:00:00.000,2024-08-21 00:00:00.000,0,2026-01-11 00:00:00.000,,
W90,"0086097",0,0,0,0,2024-09-13 00:00:00.000,2024-09-13 00:00:00.000,0,2026-01-11 00:00:00.000,,
W90,"0157283",0,0,0,0,2024-08-27 00:00:00.000,2024-08-27 00:00:00.000,0,2026-01-11 00:00:00.000,,
W90,"0134444",0,0,0,0,2024-08-27 00:00:00.000,2024-08-27 00:00:00.000,0,2026-01-11 00:00:00.000,,
W90,"0185585",0,0,0,0,2024-09-19 00:00:00.000,2024-09-19 00:00:00.000,0,2026-01-11 00:00:00.000,,
W90,"0185054",0,0,0,0,2024-09-24 00:00:00.000,2024-09-24 00:00:00.000,0,2026-01-11 00:00:00.000,,
W90,"0185052",0,0,0,0,2024-09-06 00:00:00.000,2024-09-06 00:00:00.000,0,2026-01-11 00:00:00.000,,
W90,"0099209",0,0,0,0,2024-09-06 00:00:00.000,2024-09-06 00:00:00.000,0,2026-01-11 00:00:00.000,,
W90,"0099214",0,0,0,0,2024-10-22 00:00:00.000,2024-10-03 00:00:00.000,0,2026-01-11 00:00:00.000,,
W90,"0185442",0,0,0,0,2024-10-11 00:00:00.000,2024-10-03 00:00:00.000,0,2026-01-11 00:00:00.000,,
W90,"0185607",0,0,0,0,2024-10-03 00:00:00.000,2024-10-03 00:00:00.000,0,2026-01-11 00:00:00.000,,
W90,"0001069",0,0,0,0,2024-09-29 00:00:00.000,2024-09-28 00:00:00.000,0,2026-01-11 00:00:00.000,,
W90,"0098681",0,0,0,0,2024-10-22 00:00:00.000,2024-09-13 00:00:00.000,0,2026-01-11 00:00:00.000,,
W90,"0072661",0,0,0,0,2024-09-27 00:00:00.000,2024-09-27 00:00:00.000,0,2026-01-11 00:00:00.000,,
W90,"0135605",0,0,0,0,2024-10-03 00:00:00.000,2024-10-03 00:00:00.000,0,2026-01-11 00:00:00.000,,
W90,"0186142",0,0,0,0,2024-09-19 00:00:00.000,2024-09-19 00:00:00.000,0,2026-01-11 00:00:00.000,,
W90,"0099331",0,0,0,0,2024-09-29 00:00:00.000,2024-09-28 00:00:00.000,0,2026-01-11 00:00:00.000,,
W90,"0159483",0,0,0,0,2024-10-03 00:00:00.000,2024-10-03 00:00:00.000,0,2026-01-11 00:00:00.000,,
W90,"0055790",0,0,0,0,2026-03-03 00:00:00.000,2025-12-13 00:00:00.000,126,2026-01-11 00:00:00.000,,
W90,"0171299",0,0,0,0,2024-11-12 00:00:00.000,,0,2026-01-11 00:00:00.000,,
W90,"0100182",56,0,0,0,2026-04-08 00:00:00.000,2026-03-21 00:00:00.000,0,2026-01-11 00:00:00.000,,
W90,"0028707",160,0,0,0,2025-11-08 00:00:00.000,2024-11-19 00:00:00.000,160,2026-01-11 00:00:00.000,,
W90,"0191859",-5,0,0,0,2026-02-25 00:00:00.000,2024-12-17 00:00:00.000,0,2026-01-11 00:00:00.000,,
W90,"0191858",40,0,0,0,2026-02-25 00:00:00.000,2024-12-17 00:00:00.000,40,2026-01-11 00:00:00.000,,
W90,"0191856",55,0,0,0,2026-02-25 00:00:00.000,2024-12-17 00:00:00.000,60,2026-01-11 00:00:00.000,,
W90,"0191860",0,0,0,0,2026-03-26 00:00:00.000,2025-02-26 00:00:00.000,20,2026-01-11 00:00:00.000,,
W90,"0191861",25,0,0,0,2026-01-21 00:00:00.000,2026-03-20 00:00:00.000,20,2026-01-11 00:00:00.000,,
W90,"0038825",196,0,0,0,2026-01-21 00:00:00.000,2024-12-23 00:00:00.000,1344,2026-01-11 00:00:00.000,,
W90,"0193999",-160,0,0,0,2026-01-11 00:00:00.000,2024-12-23 00:00:00.000,0,2026-01-11 00:00:00.000,,
W90,"0189771",0,0,0,0,2025-02-27 00:00:00.000,2025-01-06 00:00:00.000,0,2026-01-11 00:00:00.000,,
W90,"0189765",0,0,0,0,2025-07-04 00:00:00.000,2025-01-11 00:00:00.000,0,2026-01-11 00:00:00.000,,
W90,"0189773",0,0,0,0,2025-01-06 00:00:00.000,2025-01-06 00:00:00.000,0,2026-01-11 00:00:00.000,,
W90,"0189761",12,0,0,0,2025-10-25 00:00:00.000,2025-09-15 00:00:00.000,12,2026-01-11 00:00:00.000,,
W90,"0189763",12,0,0,0,2025-10-25 00:00:00.000,2025-09-15 00:00:00.000,12,2026-01-11 00:00:00.000,,
W90,"0189767",24,0,0,0,2025-10-25 00:00:00.000,2025-09-15 00:00:00.000,24,2026-01-11 00:00:00.000,,
W90,"0198010",114,0,0,0,2026-04-14 00:00:00.000,2026-04-17 00:00:00.000,126,2026-01-11 00:00:00.000,,
W90,"0198008",156,0,0,0,2026-03-10 00:00:00.000,2026-04-17 00:00:00.000,102,2026-01-11 00:00:00.000,,
W90,"0198009",138,0,0,0,2026-03-09 00:00:00.000,2026-04-17 00:00:00.000,126,2026-01-11 00:00:00.000,,
W90,"0143956",90,0,0,0,2026-04-10 00:00:00.000,2026-01-15 00:00:00.000,90,2026-01-11 00:00:00.000,,
W90,"0097266",0,0,0,0,2026-02-17 00:00:00.000,2026-02-05 00:00:00.000,0,2026-01-11 00:00:00.000,,
W90,"0143955",24,0,0,0,2026-04-15 00:00:00.000,2026-03-07 00:00:00.000,132,2026-01-11 00:00:00.000,,
W90,"0074149",0,0,0,0,2025-03-18 00:00:00.000,2025-03-18 00:00:00.000,0,2026-01-11 00:00:00.000,,
W90,"0074150",0,0,0,0,2025-03-18 00:00:00.000,2025-03-18 00:00:00.000,0,2026-01-11 00:00:00.000,,
W90,"0129554",120,0,0,0,2026-04-08 00:00:00.000,2026-04-09 00:00:00.000,0,2026-01-11 00:00:00.000,,
W90,"0129553",108,0,0,0,2026-04-08 00:00:00.000,2026-04-09 00:00:00.000,0,2026-01-11 00:00:00.000,,
W90,"0097220",48,0,0,0,2026-01-22 00:00:00.000,2025-11-21 00:00:00.000,60,2026-01-11 00:00:00.000,,
W90,"0203105",1,0,0,0,2026-03-10 00:00:00.000,2026-01-23 00:00:00.000,19,2026-01-11 00:00:00.000,,
W90,"0209307",4440,0,0,0,2026-04-03 00:00:00.000,2026-03-14 00:00:00.000,3276,2026-01-11 00:00:00.000,,
W90,"0091174",108,0,0,0,2026-04-17 00:00:00.000,2026-03-27 00:00:00.000,156,2026-01-11 00:00:00.000,,
W90,"0112191",0,0,0,0,,2024-07-25 00:00:00.000,0,2026-01-11 00:00:00.000,,
W90,"0112192",0,0,0,0,,2024-07-25 00:00:00.000,0,2026-01-11 00:00:00.000,,
W90,"0122158",200,0,0,0,2026-04-15 00:00:00.000,2024-07-25 00:00:00.000,400,2026-01-11 00:00:00.000,,
W90,"0111391",83,0,0,0,2026-02-13 00:00:00.000,2024-07-25 00:00:00.000,88,2026-01-11 00:00:00.000,,
W90,"0097416",48,0,0,0,2026-04-08 00:00:00.000,2026-04-14 00:00:00.000,0,2026-01-11 00:00:00.000,,
W90,"0097349",36,0,0,0,2025-12-22 00:00:00.000,2024-07-21 00:00:00.000,36,2026-01-11 00:00:00.000,,
W90,"0097351",146,0,0,0,2025-12-13 00:00:00.000,2024-07-21 00:00:00.000,146,2026-01-11 00:00:00.000,,
W90,"0110880",80,0,0,0,2026-04-02 00:00:00.000,2026-02-19 00:00:00.000,96,2026-01-11 00:00:00.000,,
W90,"0097280",-1,0,0,0,2026-03-01 00:00:00.000,2026-02-16 00:00:00.000,0,2026-01-11 00:00:00.000,,
W90,"0097423",0,0,0,0,2025-11-11 00:00:00.000,2025-03-06 00:00:00.000,0,2026-01-11 00:00:00.000,,
W90,"0108146",72,0,0,0,2025-01-06 00:00:00.000,2025-04-10 00:00:00.000,72,2026-01-11 00:00:00.000,,
W90,"0097424",192,0,0,0,2025-05-05 00:00:00.000,2025-05-06 00:00:00.000,192,2026-01-11 00:00:00.000,,
W90,"0143326",37,0,0,0,2026-01-11 00:00:00.000,2024-07-21 00:00:00.000,0,2026-01-11 00:00:00.000,,
W90,"0143322",-36,0,0,0,2026-01-11 00:00:00.000,,0,2026-01-11 00:00:00.000,,
W90,"0143327",48,0,0,0,2026-02-18 00:00:00.000,2024-09-30 00:00:00.000,60,2026-01-11 00:00:00.000,,
W90,"0097312",39,0,0,0,2026-01-26 00:00:00.000,2024-08-17 00:00:00.000,51,2026-01-11 00:00:00.000,,
W90,"0169914",756,0,0,0,2026-04-15 00:00:00.000,2026-04-17 00:00:00.000,0,2026-01-11 00:00:00.000,,
W90,"0122892",0,0,0,0,2024-11-19 00:00:00.000,2024-08-05 00:00:00.000,0,2026-01-11 00:00:00.000,,
W90,"0048140",0,0,0,0,2024-07-29 00:00:00.000,2024-07-26 00:00:00.000,0,2026-01-11 00:00:00.000,,
W90,"0156546",0,0,0,0,2026-03-27 00:00:00.000,2024-08-03 00:00:00.000,9,2026-01-11 00:00:00.000,,
W90,"0061453",0,0,0,0,2024-07-31 00:00:00.000,2024-07-30 00:00:00.000,0,2026-01-11 00:00:00.000,,
W90,"0163810",9,0,0,0,2026-01-11 00:00:00.000,2024-08-03 00:00:00.000,0,2026-01-11 00:00:00.000,,
W90,"0182906",101,0,0,0,2026-03-24 00:00:00.000,2026-04-10 00:00:00.000,53,2026-01-11 00:00:00.000,,
W90,"0120498",227,0,0,0,2026-04-08 00:00:00.000,2026-04-09 00:00:00.000,216,2026-01-11 00:00:00.000,,
W90,"0139094",62540,0,0,0,2026-04-16 00:00:00.000,2026-04-09 00:00:00.000,58440,2026-01-11 00:00:00.000,,
W90,"0186466",0,0,0,0,2026-03-07 00:00:00.000,2025-12-18 00:00:00.000,28,2026-01-11 00:00:00.000,,
W90,"0186465",0,0,0,0,2026-01-13 00:00:00.000,2026-01-13 00:00:00.000,216,2026-01-11 00:00:00.000,,
W90,"0110888",24,0,0,0,2026-03-09 00:00:00.000,2026-02-16 00:00:00.000,0,2026-01-11 00:00:00.000,,
W90,"0110893",0,0,0,0,2024-10-17 00:00:00.000,2024-10-11 00:00:00.000,0,2026-01-11 00:00:00.000,,
W90,"0122568",42,0,0,0,2026-01-11 00:00:00.000,2024-10-11 00:00:00.000,0,2026-01-11 00:00:00.000,,
W90,"0098793",200,0,0,0,2026-04-10 00:00:00.000,2026-03-24 00:00:00.000,3850,2026-01-11 00:00:00.000,,
W90,"0191388",36,0,0,0,2026-02-08 00:00:00.000,2025-01-02 00:00:00.000,48,2026-01-11 00:00:00.000,,
W90,"0112818",103,0,0,0,2026-04-14 00:00:00.000,2026-04-14 00:00:00.000,108,2026-01-11 00:00:00.000,,
W90,"0003567",24,0,0,0,2026-04-10 00:00:00.000,2026-01-31 00:00:00.000,6,2026-01-11 00:00:00.000,,
W90,"0003091",60,0,0,0,2026-03-18 00:00:00.000,2026-03-19 00:00:00.000,36,2026-01-11 00:00:00.000,,
W90,"0003074",54,0,0,0,2026-03-08 00:00:00.000,2024-12-06 00:00:00.000,60,2026-01-11 00:00:00.000,,
W90,"0039103",36,0,0,0,2025-01-07 00:00:00.000,2025-01-30 00:00:00.000,36,2026-01-11 00:00:00.000,,
W90,"0003092",42,0,0,0,2026-04-10 00:00:00.000,2024-12-06 00:00:00.000,48,2026-01-11 00:00:00.000,,
W90,"0003075",36,0,0,0,2025-11-26 00:00:00.000,2025-07-17 00:00:00.000,36,2026-01-11 00:00:00.000,,
W90,"0003083",30,0,0,0,2025-12-25 00:00:00.000,2025-09-19 00:00:00.000,30,2026-01-11 00:00:00.000,,
W90,"0061708",36,0,0,0,2025-12-23 00:00:00.000,2025-07-20 00:00:00.000,36,2026-01-11 00:00:00.000,,
W90,"0003141",54,0,0,0,2025-12-08 00:00:00.000,2024-12-06 00:00:00.000,54,2026-01-11 00:00:00.000,,
W90,"0003149",84,0,0,0,2026-04-10 00:00:00.000,2025-09-19 00:00:00.000,90,2026-01-11 00:00:00.000,,
W90,"0003150",0,0,0,0,2025-06-19 00:00:00.000,2024-12-06 00:00:00.000,0,2026-01-11 00:00:00.000,,
W90,"0003209",24,0,0,0,2026-04-04 00:00:00.000,2026-03-19 00:00:00.000,30,2026-01-11 00:00:00.000,,
W90,"0003208",0,0,0,0,2026-03-21 00:00:00.000,2025-07-17 00:00:00.000,36,2026-01-11 00:00:00.000,,
W90,"0071399",30,0,0,0,,2024-12-06 00:00:00.000,30,2026-01-11 00:00:00.000,,
W90,"0003123",30,0,0,0,2026-04-10 00:00:00.000,2024-12-06 00:00:00.000,42,2026-01-11 00:00:00.000,,
W90,"0066955",60,0,0,0,2025-09-17 00:00:00.000,2025-09-19 00:00:00.000,60,2026-01-11 00:00:00.000,,
W90,"0056888",30,0,0,0,,2024-12-06 00:00:00.000,30,2026-01-11 00:00:00.000,,
W90,"0066957",36,0,0,0,2025-04-25 00:00:00.000,2025-05-08 00:00:00.000,36,2026-01-11 00:00:00.000,,
W90,"0003122",36,0,0,0,2025-04-02 00:00:00.000,2025-04-04 00:00:00.000,36,2026-01-11 00:00:00.000,,
W90,"0183797",0,0,0,0,2025-01-05 00:00:00.000,,0,2026-01-11 00:00:00.000,,
W90,"0100194",612,0,0,0,2025-05-05 00:00:00.000,2025-04-26 00:00:00.000,612,2026-01-11 00:00:00.000,,
W90,"0100195",108,0,0,0,2026-04-14 00:00:00.000,2025-04-26 00:00:00.000,252,2026-01-11 00:00:00.000,,
W90,"0003035",42,0,0,0,2025-12-12 00:00:00.000,2024-12-16 00:00:00.000,42,2026-01-11 00:00:00.000,,
W90,"0097231",72,0,0,0,2026-04-08 00:00:00.000,2026-03-21 00:00:00.000,48,2026-01-11 00:00:00.000,,
W90,"0111344",0,0,0,0,2025-01-02 00:00:00.000,,0,2026-01-11 00:00:00.000,,
W90,"0197505",0,0,0,0,2026-03-04 00:00:00.000,2026-03-04 00:00:00.000,0,2026-01-11 00:00:00.000,,
W90,"0197506",0,0,0,0,2026-03-05 00:00:00.000,2026-03-04 00:00:00.000,14,2026-01-11 00:00:00.000,,
W90,"0197507",0,0,0,0,2026-02-04 00:00:00.000,2026-02-04 00:00:00.000,308,2026-01-11 00:00:00.000,,
W90,"0197508",0,0,0,0,2026-02-13 00:00:00.000,2026-02-10 00:00:00.000,0,2026-01-11 00:00:00.000,,
W90,"0107546",75,0,0,0,2026-04-08 00:00:00.000,2026-04-11 00:00:00.000,36,2026-01-11 00:00:00.000,,
W90,"0019395",36,0,0,0,2026-04-11 00:00:00.000,2026-03-20 00:00:00.000,51,2026-01-11 00:00:00.000,,
W90,"0113241",240,0,0,0,2026-04-08 00:00:00.000,2026-04-11 00:00:00.000,75,2026-01-11 00:00:00.000,,
W90,"0064705",0,0,0,0,2025-02-22 00:00:00.000,2025-02-22 00:00:00.000,0,2026-01-11 00:00:00.000,,
W90,"0199229",88,0,0,0,2026-04-09 00:00:00.000,2026-04-08 00:00:00.000,56,2026-01-11 00:00:00.000,,
W90,"0199498",24,0,0,0,2026-04-15 00:00:00.000,2026-04-17 00:00:00.000,0,2026-01-11 00:00:00.000,,
W90,"0199499",-72,0,0,0,2026-04-18 00:00:00.000,2026-04-17 00:00:00.000,23,2026-01-11 00:00:00.000,,
W90,"0199566",294,0,0,0,2026-04-17 00:00:00.000,2026-04-16 00:00:00.000,0,2026-01-11 00:00:00.000,,
W90,"0199570",0,0,0,0,2025-12-29 00:00:00.000,2025-12-29 00:00:00.000,0,2026-01-11 00:00:00.000,,
W90,"0156409",0,0,0,0,2025-10-03 00:00:00.000,2025-05-07 00:00:00.000,0,2026-01-11 00:00:00.000,,
W90,"0156410",0,0,0,0,2025-10-03 00:00:00.000,2025-04-18 00:00:00.000,0,2026-01-11 00:00:00.000,,
W90,"0156412",0,0,0,0,2025-10-03 00:00:00.000,2025-05-07 00:00:00.000,0,2026-01-11 00:00:00.000,,
W90,"0156411",0,0,0,0,2025-09-20 00:00:00.000,2025-04-18 00:00:00.000,0,2026-01-11 00:00:00.000,,
W90,"0156406",0,0,0,0,2025-12-08 00:00:00.000,2025-10-11 00:00:00.000,0,2026-01-11 00:00:00.000,,
W90,"0201345",48,0,0,0,,2026-01-15 00:00:00.000,24,2026-01-11 00:00:00.000,,
W90,"0201346",72,0,0,0,,2025-08-09 00:00:00.000,72,2026-01-11 00:00:00.000,,
W90,"0201348",48,0,0,0,2026-02-21 00:00:00.000,2025-08-09 00:00:00.000,60,2026-01-11 00:00:00.000,,
W90,"0201347",48,0,0,0,2026-02-21 00:00:00.000,2025-08-09 00:00:00.000,60,2026-01-11 00:00:00.000,,
W90,"0204254",25,0,0,0,2026-01-11 00:00:00.000,2025-10-16 00:00:00.000,0,2026-01-11 00:00:00.000,,
W90,"0068151",0,0,0,0,2025-11-05 00:00:00.000,2025-09-27 00:00:00.000,0,2026-01-11 00:00:00.000,,
W90,"0068152",0,0,0,0,2025-11-05 00:00:00.000,2025-09-27 00:00:00.000,0,2026-01-11 00:00:00.000,,
W90,"0070771",0,0,0,0,2025-11-05 00:00:00.000,2025-09-27 00:00:00.000,0,2026-01-11 00:00:00.000,,
W90,"0206468",66,0,0,0,2026-04-17 00:00:00.000,2026-02-16 00:00:00.000,150,2026-01-11 00:00:00.000,,
W90,"0065145",-1,0,0,0,2026-01-11 00:00:00.000,,0,2026-01-11 00:00:00.000,,
W90,"0208216",-70,0,0,0,2026-04-18 00:00:00.000,2026-04-17 00:00:00.000,49,2026-01-11 00:00:00.000,,
W90,"0203133",528,0,0,0,2026-04-17 00:00:00.000,2026-03-23 00:00:00.000,240,2026-01-11 00:00:00.000,,
W90,"0203134",480,0,0,0,2026-04-17 00:00:00.000,2026-03-23 00:00:00.000,168,2026-01-11 00:00:00.000,,
W90,"0163018",84,0,0,0,2026-03-09 00:00:00.000,2025-12-15 00:00:00.000,108,2026-01-11 00:00:00.000,,
W90,"0163016",78,0,0,0,2026-03-09 00:00:00.000,2025-12-15 00:00:00.000,108,2026-01-11 00:00:00.000,,
W90,"0163019",66,0,0,0,2026-04-01 00:00:00.000,2025-12-15 00:00:00.000,108,2026-01-11 00:00:00.000,,
W90,"0163020",84,0,0,0,2026-03-09 00:00:00.000,2025-12-15 00:00:00.000,108,2026-01-11 00:00:00.000,,
W90,"0150546",180,0,0,0,2026-04-15 00:00:00.000,2026-04-15 00:00:00.000,80,2026-01-11 00:00:00.000,,
W90,"0203560",180,0,0,0,2026-03-31 00:00:00.000,2026-04-06 00:00:00.000,80,2026-01-11 00:00:00.000,,
W90,"0204814",45,0,0,0,2026-04-13 00:00:00.000,2026-04-06 00:00:00.000,54,2026-01-11 00:00:00.000,,
W90,"0155227",0,0,0,0,2026-03-13 00:00:00.000,2026-02-27 00:00:00.000,0,,,
W90,"0171202",0,0,0,0,2026-04-02 00:00:00.000,2026-01-26 00:00:00.000,0,,,
W90,"0212832",4250,0,0,0,2026-04-13 00:00:00.000,2026-04-15 00:00:00.000,0,,,
W90,"0005368",-150,0,0,0,2026-04-18 00:00:00.000,,0,,,
W90,"0109271",0,0,0,0,,2024-07-16 00:00:00.000,0,2026-01-11 00:00:00.000,,
W90,"0169150",0,0,0,0,2025-02-20 00:00:00.000,2024-07-23 00:00:00.000,0,2026-01-11 00:00:00.000,,
W90,"0169130",0,0,0,0,2025-02-20 00:00:00.000,2024-07-23 00:00:00.000,0,2026-01-11 00:00:00.000,,
W90,"0129292",0,0,0,0,,2024-07-16 00:00:00.000,0,2026-01-11 00:00:00.000,,
W90,"0037042",0,0,0,0,,2024-07-16 00:00:00.000,0,2026-01-11 00:00:00.000,,
W90,"0157937",0,0,0,0,,2024-07-16 00:00:00.000,0,2026-01-11 00:00:00.000,,
W90,"0180006",24,0,0,0,2026-03-25 00:00:00.000,2025-11-19 00:00:00.000,60,2026-01-11 00:00:00.000,,
W90,"0143819",30,0,0,0,2025-12-22 00:00:00.000,2025-05-06 00:00:00.000,30,2026-01-11 00:00:00.000,,
W90,"0154025",36,0,0,0,2026-04-11 00:00:00.000,2025-12-27 00:00:00.000,48,2026-01-11 00:00:00.000,,
W90,"0122537",4550,0,0,0,2026-03-28 00:00:00.000,2026-03-19 00:00:00.000,4650,2026-01-11 00:00:00.000,,
W90,"0135604",0,0,0,0,2024-09-19 00:00:00.000,2024-09-19 00:00:00.000,0,2026-01-11 00:00:00.000,,
W90,"0185747",131,0,0,0,2026-03-21 00:00:00.000,2026-02-17 00:00:00.000,144,2026-01-11 00:00:00.000,,
W90,"0185748",198,0,0,0,2026-03-21 00:00:00.000,2026-02-17 00:00:00.000,204,2026-01-11 00:00:00.000,,
W90,"0185752",60,0,0,0,2026-04-16 00:00:00.000,2025-12-29 00:00:00.000,84,2026-01-11 00:00:00.000,,
W90,"0185751",54,0,0,0,2026-02-24 00:00:00.000,2025-10-07 00:00:00.000,72,2026-01-11 00:00:00.000,,
W90,"0171301",2688,0,0,0,2026-04-17 00:00:00.000,2026-04-13 00:00:00.000,1152,2026-01-11 00:00:00.000,,
W90,"0069886",32,0,0,0,2026-04-04 00:00:00.000,2025-12-19 00:00:00.000,276,2026-01-11 00:00:00.000,,
W90,"0177711",8880,0,0,0,2026-04-18 00:00:00.000,2026-04-15 00:00:00.000,5088,2026-01-11 00:00:00.000,,
W90,"0187252",72,0,0,0,2026-04-13 00:00:00.000,2026-04-15 00:00:00.000,132,2026-01-11 00:00:00.000,,
W90,"0191902",234,0,0,0,2026-01-05 00:00:00.000,2024-12-25 00:00:00.000,234,2026-01-11 00:00:00.000,,
W90,"0126447",0,0,0,0,2025-08-22 00:00:00.000,2025-06-16 00:00:00.000,0,2026-01-11 00:00:00.000,,
W90,"0111936",0,0,0,0,2025-06-02 00:00:00.000,2024-12-17 00:00:00.000,0,2026-01-11 00:00:00.000,,
W90,"0122966",0,0,0,0,2025-02-26 00:00:00.000,2025-02-20 00:00:00.000,0,2026-01-11 00:00:00.000,,
W90,"0164386",168,0,0,0,2026-04-17 00:00:00.000,2026-04-17 00:00:00.000,0,2026-01-11 00:00:00.000,,
W90,"0148804",180,0,0,0,2026-04-16 00:00:00.000,2026-04-17 00:00:00.000,0,2026-01-11 00:00:00.000,,
W90,"0112817",279,0,0,0,2026-04-17 00:00:00.000,2026-04-14 00:00:00.000,141,2026-01-11 00:00:00.000,,
W90,"0194154",0,0,0,0,2026-01-10 00:00:00.000,2025-04-18 00:00:00.000,0,2026-01-11 00:00:00.000,,
W90,"0189787",15,0,0,0,2026-04-03 00:00:00.000,2026-01-15 00:00:00.000,33,2026-01-11 00:00:00.000,,
W90,"0189791",30,0,0,0,2025-12-21 00:00:00.000,2025-08-09 00:00:00.000,30,2026-01-11 00:00:00.000,,
W90,"0189794",0,0,0,0,2025-11-05 00:00:00.000,2025-02-26 00:00:00.000,0,2026-01-11 00:00:00.000,,
W90,"0189785",42,0,0,0,2026-03-14 00:00:00.000,2025-02-26 00:00:00.000,48,2026-01-11 00:00:00.000,,
W90,"0189790",48,0,0,0,2025-06-21 00:00:00.000,2026-01-15 00:00:00.000,36,2026-01-11 00:00:00.000,,
W90,"0189797",0,0,0,0,2025-06-21 00:00:00.000,2025-02-26 00:00:00.000,0,2026-01-11 00:00:00.000,,
W90,"0189795",0,0,0,0,2025-06-07 00:00:00.000,2025-01-22 00:00:00.000,0,2026-01-11 00:00:00.000,,
W90,"0189786",19,0,0,0,2026-04-09 00:00:00.000,2026-01-15 00:00:00.000,24,2026-01-11 00:00:00.000,,
W90,"0189788",38,0,0,0,2026-03-26 00:00:00.000,2026-01-15 00:00:00.000,8,2026-01-11 00:00:00.000,,
W90,"0189789",36,0,0,0,2026-04-09 00:00:00.000,2025-02-26 00:00:00.000,42,2026-01-11 00:00:00.000,,
W90,"0189798",7,0,0,0,2026-01-08 00:00:00.000,2025-02-26 00:00:00.000,7,2026-01-11 00:00:00.000,,
W90,"0189792",48,0,0,0,2025-09-22 00:00:00.000,2025-02-26 00:00:00.000,48,2026-01-11 00:00:00.000,,
W90,"0189793",0,0,0,0,2025-11-05 00:00:00.000,2025-02-26 00:00:00.000,0,2026-01-11 00:00:00.000,,
W90,"0189828",0,0,0,0,2025-01-28 00:00:00.000,2025-01-22 00:00:00.000,0,2026-01-11 00:00:00.000,,
W90,"0189830",0,0,0,0,2025-01-28 00:00:00.000,2025-01-22 00:00:00.000,0,2026-01-11 00:00:00.000,,
W90,"0189829",0,0,0,0,2025-01-25 00:00:00.000,2025-01-22 00:00:00.000,0,2026-01-11 00:00:00.000,,
W90,"0189831",0,0,0,0,2026-03-26 00:00:00.000,2025-08-09 00:00:00.000,48,2026-01-11 00:00:00.000,,
W90,"0189832",0,0,0,0,2025-12-03 00:00:00.000,2025-01-22 00:00:00.000,0,2026-01-11 00:00:00.000,,
W90,"0026599",0,0,0,0,2025-02-03 00:00:00.000,2025-02-03 00:00:00.000,0,2026-01-11 00:00:00.000,,
W90,"0064703",0,0,0,0,2025-12-25 00:00:00.000,2025-04-16 00:00:00.000,0,2026-01-11 00:00:00.000,,
W90,"0110874",0,0,0,0,2026-04-08 00:00:00.000,2026-02-16 00:00:00.000,12,2026-01-11 00:00:00.000,,
W90,"0178837",132,0,0,0,2026-04-03 00:00:00.000,2026-02-16 00:00:00.000,120,2026-01-11 00:00:00.000,,
W90,"0110873",48,0,0,0,2026-04-03 00:00:00.000,2025-04-27 00:00:00.000,168,2026-01-11 00:00:00.000,,
W90,"0191628",40,0,0,0,2026-04-11 00:00:00.000,2026-03-11 00:00:00.000,0,2026-01-11 00:00:00.000,,
W90,"0191625",24,0,0,0,2026-04-09 00:00:00.000,2026-04-14 00:00:00.000,0,2026-01-11 00:00:00.000,,
W90,"0202010",0,0,0,0,2025-06-16 00:00:00.000,2025-06-16 00:00:00.000,0,2026-01-11 00:00:00.000,,
W90,"0203657",444,0,0,0,2026-04-14 00:00:00.000,2026-04-11 00:00:00.000,300,2026-01-11 00:00:00.000,,
W90,"0085590",0,0,0,0,2024-10-20 00:00:00.000,2024-07-24 00:00:00.000,0,2026-01-11 00:00:00.000,,
W90,"0089195",0,0,0,0,2025-12-05 00:00:00.000,2025-08-10 00:00:00.000,0,2026-01-11 00:00:00.000,,
W90,"0177726",0,0,0,0,2025-12-05 00:00:00.000,2025-08-10 00:00:00.000,0,2026-01-11 00:00:00.000,,
W90,"0204827",288,0,0,0,2025-12-29 00:00:00.000,2025-12-29 00:00:00.000,288,2026-01-11 00:00:00.000,,
W90,"0204826",624,0,0,0,2026-02-19 00:00:00.000,2026-02-19 00:00:00.000,312,2026-01-11 00:00:00.000,,
W90,"0204825",74,0,0,0,2026-04-04 00:00:00.000,2026-02-11 00:00:00.000,66,2026-01-11 00:00:00.000,,
W90,"0081906",-1,0,0,0,2026-01-12 00:00:00.000,2025-10-30 00:00:00.000,0,2026-01-11 00:00:00.000,,
W90,"0208109",180,0,0,0,2026-04-10 00:00:00.000,2026-03-05 00:00:00.000,228,2026-01-11 00:00:00.000,,
W90,"0208111",180,0,0,0,2026-04-10 00:00:00.000,2026-03-05 00:00:00.000,156,2026-01-11 00:00:00.000,,
W90,"0210429",225,0,0,0,2026-01-11 00:00:00.000,2025-12-17 00:00:00.000,0,2026-01-11 00:00:00.000,,
W90,"0091412",132,0,0,0,2026-04-17 00:00:00.000,2026-04-10 00:00:00.000,0,,,
W90,"0038991",96,0,0,0,2026-03-28 00:00:00.000,2026-03-23 00:00:00.000,0,,,
W90,"0179670",0,0,0,0,2026-04-02 00:00:00.000,2026-03-21 00:00:00.000,0,,,
W90,"0099133",80,0,0,0,,2026-04-03 00:00:00.000,0,,,
W90,"0065480",60,0,0,0,,2026-04-03 00:00:00.000,0,,,
W90,"0113249",126,0,0,0,2026-04-17 00:00:00.000,2026-02-26 00:00:00.000,60,2026-01-11 00:00:00.000,,
W90,"0100218",108,0,0,0,2026-03-16 00:00:00.000,2026-02-19 00:00:00.000,0,2026-01-11 00:00:00.000,,
W90,"0168436",9,0,0,0,2025-02-25 00:00:00.000,2026-02-16 00:00:00.000,0,2026-01-11 00:00:00.000,,
W90,"0076750",280,0,0,0,2025-04-18 00:00:00.000,2024-12-18 00:00:00.000,280,2026-01-11 00:00:00.000,,
W90,"0076751",48,0,0,0,2025-04-18 00:00:00.000,2024-12-18 00:00:00.000,48,2026-01-11 00:00:00.000,,
W90,"0102147",252,0,0,0,,2024-08-20 00:00:00.000,252,2026-01-11 00:00:00.000,,
W90,"0174539",0,0,0,0,2024-12-18 00:00:00.000,2024-08-05 00:00:00.000,0,2026-01-11 00:00:00.000,,
W90,"0174540",0,0,0,0,2025-11-25 00:00:00.000,2025-09-11 00:00:00.000,0,2026-01-11 00:00:00.000,,
W90,"0100247",45,0,0,0,2026-04-14 00:00:00.000,2026-03-21 00:00:00.000,0,2026-01-11 00:00:00.000,,
W90,"0143336",89,0,0,0,2026-02-12 00:00:00.000,2025-05-06 00:00:00.000,150,2026-01-11 00:00:00.000,,
W90,"0135999",204,0,0,0,2026-04-08 00:00:00.000,2026-04-07 00:00:00.000,216,2026-01-11 00:00:00.000,,
W90,"0120502",228,0,0,0,2026-04-15 00:00:00.000,2026-04-17 00:00:00.000,216,2026-01-11 00:00:00.000,,
W90,"0097213",102,0,0,0,2026-02-11 00:00:00.000,2026-03-21 00:00:00.000,78,2026-01-11 00:00:00.000,,
W90,"0180005",130,0,0,0,2025-12-08 00:00:00.000,2025-11-19 00:00:00.000,130,2026-01-11 00:00:00.000,,
W90,"0180007",15,0,0,0,2026-04-06 00:00:00.000,2024-10-23 00:00:00.000,35,2026-01-11 00:00:00.000,,
W90,"0143338",45,0,0,0,2026-04-08 00:00:00.000,2026-04-17 00:00:00.000,45,2026-01-11 00:00:00.000,,
W90,"0089192",288,0,0,0,2026-04-17 00:00:00.000,2026-02-13 00:00:00.000,240,2026-01-11 00:00:00.000,,
W90,"0110805",0,0,0,0,2025-07-25 00:00:00.000,2024-10-16 00:00:00.000,0,2026-01-11 00:00:00.000,,
W90,"0183535",414,0,0,0,2026-01-11 00:00:00.000,2025-11-19 00:00:00.000,0,2026-01-11 00:00:00.000,,
W90,"0159488",0,0,0,0,2024-10-03 00:00:00.000,2024-10-03 00:00:00.000,0,2026-01-11 00:00:00.000,,
W90,"0097221",0,0,0,0,2025-10-02 00:00:00.000,2025-05-06 00:00:00.000,0,2026-01-11 00:00:00.000,,
W90,"0097224",0,0,0,0,2025-07-18 00:00:00.000,2024-09-20 00:00:00.000,0,2026-01-11 00:00:00.000,,
W90,"0097337",0,0,0,0,2025-06-25 00:00:00.000,2025-01-04 00:00:00.000,0,2026-01-11 00:00:00.000,,
W90,"0097338",0,0,0,0,2025-12-19 00:00:00.000,2025-01-04 00:00:00.000,0,2026-01-11 00:00:00.000,,
W90,"0110862",131,0,0,0,2025-05-05 00:00:00.000,2026-01-26 00:00:00.000,120,2026-01-11 00:00:00.000,,
W90,"0110872",0,0,0,0,2025-09-18 00:00:00.000,2024-09-20 00:00:00.000,0,2026-01-11 00:00:00.000,,
W90,"0097210",0,0,0,0,2025-12-09 00:00:00.000,2025-05-06 00:00:00.000,0,2026-01-11 00:00:00.000,,
W90,"0097217",144,0,0,0,2025-05-05 00:00:00.000,2025-05-06 00:00:00.000,144,2026-01-11 00:00:00.000,,
W90,"0097211",0,0,0,0,2025-12-05 00:00:00.000,2025-05-06 00:00:00.000,0,2026-01-11 00:00:00.000,,
W90,"0154365",0,0,0,0,2025-09-10 00:00:00.000,2024-09-20 00:00:00.000,0,2026-01-11 00:00:00.000,,
W90,"0110868",14,0,0,0,2026-01-11 00:00:00.000,2025-09-15 00:00:00.000,0,2026-01-11 00:00:00.000,,
W90,"0110870",-14,0,0,0,2026-01-11 00:00:00.000,2025-09-15 00:00:00.000,0,2026-01-11 00:00:00.000,,
W90,"0132056",-14,0,0,0,2026-01-11 00:00:00.000,2025-09-05 00:00:00.000,0,2026-01-11 00:00:00.000,,
W90,"0186156",0,0,0,0,2025-10-29 00:00:00.000,2025-10-17 00:00:00.000,0,2026-01-11 00:00:00.000,,
W90,"0186152",0,0,0,0,2025-07-12 00:00:00.000,2024-12-12 00:00:00.000,0,2026-01-11 00:00:00.000,,
W90,"0186154",0,0,0,0,2025-06-20 00:00:00.000,2025-02-26 00:00:00.000,0,2026-01-11 00:00:00.000,,
W90,"0186155",12,0,0,0,2026-01-11 00:00:00.000,2025-07-07 00:00:00.000,0,2026-01-11 00:00:00.000,,
W90,"0186161",0,0,0,0,2025-05-19 00:00:00.000,2025-04-19 00:00:00.000,0,2026-01-11 00:00:00.000,,
W90,"0186160",0,0,0,0,2025-05-03 00:00:00.000,2025-01-16 00:00:00.000,0,2026-01-11 00:00:00.000,,
W90,"0186157",-1,0,0,0,2026-01-11 00:00:00.000,2025-04-19 00:00:00.000,0,2026-01-11 00:00:00.000,,
W90,"0186158",0,0,0,0,2025-06-02 00:00:00.000,2024-12-12 00:00:00.000,0,2026-01-11 00:00:00.000,,
W90,"0186159",0,0,0,0,2025-05-23 00:00:00.000,2024-12-12 00:00:00.000,0,2026-01-11 00:00:00.000,,
W90,"0186162",0,0,0,0,2025-05-28 00:00:00.000,2024-12-18 00:00:00.000,0,2026-01-11 00:00:00.000,,
W90,"0186153",0,0,0,0,2025-07-29 00:00:00.000,2025-04-02 00:00:00.000,0,2026-01-11 00:00:00.000,,
W90,"0186151",0,0,0,0,2025-08-10 00:00:00.000,2025-01-16 00:00:00.000,0,2026-01-11 00:00:00.000,,
W90,"0108141",36,0,0,0,2026-04-01 00:00:00.000,2026-02-16 00:00:00.000,12,2026-01-11 00:00:00.000,,
W90,"0193188",167,0,0,0,2026-04-17 00:00:00.000,2026-04-09 00:00:00.000,123,2026-01-11 00:00:00.000,,
W90,"0193189",192,0,0,0,2026-04-13 00:00:00.000,2026-04-15 00:00:00.000,156,2026-01-11 00:00:00.000,,
W90,"0000001",-4,0,0,0,2026-01-11 00:00:00.000,,0,2026-01-11 00:00:00.000,,
W90,"0057697",0,0,0,0,2025-11-10 00:00:00.000,,0,2026-01-11 00:00:00.000,,
W90,"0179350",336,0,0,0,2026-01-11 00:00:00.000,,0,2026-01-11 00:00:00.000,,
W90,"0200554",0,0,0,0,2025-12-19 00:00:00.000,2025-08-09 00:00:00.000,0,2026-01-11 00:00:00.000,,
W90,"0200553",0,0,0,0,2025-12-19 00:00:00.000,2025-06-22 00:00:00.000,0,2026-01-11 00:00:00.000,,
W90,"0200550",0,0,0,0,2026-02-02 00:00:00.000,2026-01-02 00:00:00.000,180,2026-01-11 00:00:00.000,,
W90,"0200549",0,0,0,0,2026-02-26 00:00:00.000,2026-02-26 00:00:00.000,240,2026-01-11 00:00:00.000,,
W90,"0200552",0,0,0,0,2025-12-19 00:00:00.000,2025-08-09 00:00:00.000,0,2026-01-11 00:00:00.000,,
W90,"0200551",0,0,0,0,2025-12-19 00:00:00.000,2025-10-20 00:00:00.000,0,2026-01-11 00:00:00.000,,
W90,"0068253",0,0,0,0,2026-03-03 00:00:00.000,2025-10-31 00:00:00.000,42,2026-01-11 00:00:00.000,,
W90,"0068153",0,0,0,0,2025-11-05 00:00:00.000,2025-10-31 00:00:00.000,0,2026-01-11 00:00:00.000,,
W90,"0095794",636,0,0,0,2026-03-31 00:00:00.000,2026-04-02 00:00:00.000,564,2026-01-11 00:00:00.000,,
W90,"0053739",0,0,0,0,2026-01-05 00:00:00.000,2025-12-31 00:00:00.000,0,2026-01-11 00:00:00.000,,
W90,"0122539",0,0,0,0,2026-04-02 00:00:00.000,2026-03-21 00:00:00.000,0,,,
W90,"0171201",0,0,0,0,2026-04-02 00:00:00.000,2026-03-21 00:00:00.000,0,,,
W90,"0171200",48,0,0,0,2026-04-02 00:00:00.000,2026-03-21 00:00:00.000,0,,,
W90,"0190591",0,0,0,0,2026-04-03 00:00:00.000,2026-03-21 00:00:00.000,0,,,
W90,"0190592",40,0,0,0,2026-03-30 00:00:00.000,2026-03-21 00:00:00.000,0,,,
W90,"0149270",48,0,0,0,2026-04-17 00:00:00.000,2026-04-04 00:00:00.000,0,,,
W90,"0190583",0,0,0,0,2026-03-31 00:00:00.000,2026-03-21 00:00:00.000,0,,,
W90,"0149267",100,0,0,0,,2026-03-21 00:00:00.000,0,,,
W90,"0149266",60,0,0,0,2026-04-17 00:00:00.000,2026-03-21 00:00:00.000,0,,,
W90,"0190590",48,0,0,0,2026-04-11 00:00:00.000,2026-03-21 00:00:00.000,0,,,
W90,"0210468",40,0,0,0,2026-04-04 00:00:00.000,2026-03-21 00:00:00.000,0,,,
W90,"0211905",48,0,0,0,2026-03-27 00:00:00.000,2026-03-21 00:00:00.000,0,,,
W90,"0100248",24,0,0,0,,2026-03-21 00:00:00.000,0,,,
W90,"0190589",48,0,0,0,2026-04-11 00:00:00.000,2026-03-21 00:00:00.000,0,,,
W90,"0108140",28,0,0,0,2026-04-01 00:00:00.000,2026-03-21 00:00:00.000,0,,,
W90,"0097305",75,0,0,0,,2026-04-14 00:00:00.000,0,,,
W90,"0097304",75,0,0,0,,2026-04-14 00:00:00.000,0,,,
W90,"0053676",360,0,0,0,2026-03-30 00:00:00.000,2026-03-23 00:00:00.000,24,2026-01-11 00:00:00.000,,
W90,"0012236",36,0,0,0,,2026-03-02 00:00:00.000,0,,,
W90,"0012076",0,0,0,0,2026-03-03 00:00:00.000,2026-03-02 00:00:00.000,0,,,
W90,"0187651",60,0,0,0,2026-04-03 00:00:00.000,2026-04-14 00:00:00.000,0,,,
W90,"0187694",40,0,0,0,2026-04-03 00:00:00.000,2026-04-14 00:00:00.000,0,,,
W90,"0005828",0,0,0,0,2026-03-19 00:00:00.000,2026-03-02 00:00:00.000,0,,,
W90,"0083175",48,0,0,0,,2026-03-02 00:00:00.000,0,,,
W90,"0117919",42,0,0,0,2026-04-06 00:00:00.000,2026-03-21 00:00:00.000,0,,,
W90,"0012203",36,0,0,0,,2026-03-02 00:00:00.000,0,,,
W90,"0012244",120,0,0,0,,2026-04-10 00:00:00.000,0,,,
W90,"0100255",0,0,0,0,2025-05-05 00:00:00.000,2025-05-06 00:00:00.000,0,2026-01-11 00:00:00.000,,
W90,"0100256",0,0,0,0,2025-05-05 00:00:00.000,2025-05-06 00:00:00.000,0,2026-01-11 00:00:00.000,,
W90,"0166426",36,0,0,0,,2026-03-02 00:00:00.000,0,,,
W90,"0019921",0,0,0,0,2025-01-05 00:00:00.000,,0,2026-01-11 00:00:00.000,,
W90,"0130886",0,0,0,0,2025-07-09 00:00:00.000,2024-12-05 00:00:00.000,0,2026-01-11 00:00:00.000,,
W90,"0166035",0,0,0,0,2025-05-13 00:00:00.000,2025-05-13 00:00:00.000,0,2026-01-11 00:00:00.000,,
W90,"0189796",0,0,0,0,2025-06-17 00:00:00.000,2025-05-03 00:00:00.000,0,2026-01-11 00:00:00.000,,
W90,"0024705",15,0,0,0,,2026-03-02 00:00:00.000,0,,,
W90,"0006411",90,0,0,0,,2026-04-10 00:00:00.000,0,,,
W90,"0130741",0,0,0,0,2026-04-15 00:00:00.000,2026-04-10 00:00:00.000,0,,,
W90,"0156536",60,0,0,0,,2026-04-10 00:00:00.000,0,,,
W90,"0148680",0,0,0,0,2026-04-15 00:00:00.000,2026-04-10 00:00:00.000,0,,,
W90,"0019788",54,0,0,0,,2026-04-10 00:00:00.000,0,,,
W90,"0166165",60,0,0,0,,2026-04-10 00:00:00.000,0,,,
W90,"0082927",0,0,0,0,2026-04-15 00:00:00.000,2026-04-10 00:00:00.000,0,,,
W90,"0012213",60,0,0,0,,2026-04-10 00:00:00.000,0,,,
W90,"0010828",60,0,0,0,,2026-04-10 00:00:00.000,0,,,
W90,"0120570",35,0,0,0,,2026-04-10 00:00:00.000,0,,,
W90,"0014710",75,0,0,0,,2026-04-10 00:00:00.000,0,,,
W90,"0006412",72,0,0,0,,2026-04-10 00:00:00.000,0,,,
W90,"0182905",60,0,0,0,,2026-04-10 00:00:00.000,0,,,
W90,"0131068",42,0,0,0,,2026-04-10 00:00:00.000,0,,,
W90,"0189777",294,0,0,0,2026-01-08 00:00:00.000,2026-01-15 00:00:00.000,150,2026-01-11 00:00:00.000,,
W90,"0189780",0,0,0,0,2025-01-31 00:00:00.000,2024-12-13 00:00:00.000,0,2026-01-11 00:00:00.000,,
W90,"0189776",144,0,0,0,2026-03-25 00:00:00.000,2024-12-13 00:00:00.000,192,2026-01-11 00:00:00.000,,
W90,"0189740",-264,0,0,0,2026-04-17 00:00:00.000,2025-09-15 00:00:00.000,174,2026-01-11 00:00:00.000,,
W90,"0189735",96,0,0,0,2025-11-21 00:00:00.000,2025-09-15 00:00:00.000,96,2026-01-11 00:00:00.000,,
W90,"0207084",240,0,0,0,,2025-10-18 00:00:00.000,240,2026-01-11 00:00:00.000,,
W90,"0202200",300,0,0,0,,2025-10-18 00:00:00.000,300,2026-01-11 00:00:00.000,,
W90,"0202201",12,0,0,0,,2025-10-18 00:00:00.000,12,2026-01-11 00:00:00.000,,
W90,"0207086",12,0,0,0,2026-01-11 00:00:00.000,2025-10-18 00:00:00.000,0,2026-01-11 00:00:00.000,,
W90,"0202203",12,0,0,0,,2025-10-18 00:00:00.000,12,2026-01-11 00:00:00.000,,
W90,"0202204",30,0,0,0,2026-01-11 00:00:00.000,2025-10-18 00:00:00.000,24,2026-01-11 00:00:00.000,,
W90,"0207085",12,0,0,0,2026-01-11 00:00:00.000,2025-10-18 00:00:00.000,24,2026-01-11 00:00:00.000,,
W90,"0213563",444,0,0,0,2026-04-15 00:00:00.000,2026-04-17 00:00:00.000,0,,,
W90,"0213564",420,0,0,0,2026-04-15 00:00:00.000,2026-04-17 00:00:00.000,0,,,
W90,"0213109",300,0,0,0,2026-03-17 00:00:00.000,2026-03-24 00:00:00.000,0,,,
W90,"0189856",12,0,0,0,,2026-03-11 00:00:00.000,0,,,
W90,"0189858",36,0,0,0,2026-04-07 00:00:00.000,2026-03-11 00:00:00.000,0,,,
W90,"0191617",0,0,0,0,2026-02-13 00:00:00.000,2026-02-13 00:00:00.000,0,,,
W90,"0190594",160,0,0,0,2026-04-11 00:00:00.000,2026-04-04 00:00:00.000,0,2026-01-11 00:00:00.000,,
W90,"0199163",0,0,0,0,2025-12-18 00:00:00.000,2025-12-17 00:00:00.000,0,2026-01-11 00:00:00.000,,
W90,"0199164",0,0,0,0,2025-12-18 00:00:00.000,2025-12-17 00:00:00.000,0,2026-01-11 00:00:00.000,,
